"1","
<!-- rnb-source-begin eyJkYXRhIjoiYGBgclxuIyBnZW5lcmF0ZSBhIGNvdXBsZSBvZiBEQUdzIGFuZCBwbG90IHRoZW1cblxuRzIgPC0gZGFnaXR0eSgnZGFne1xuWSBbb3V0Y29tZSxwb3M9XCI0LCAwXCJdXG5EIFtleHBvc3VyZSxwb3M9XCIwLCAwXCJdXG5YIFtjb25mb3VuZGVyLCBwb3M9XCIyLC0xXCJdXG5GIFt1b2JzZXJ2ZWQsIHBvcz1cIjAsIC0xXCJdXG5EIC0+IFlcblggLT4gRFxuWCAtPiBGXG5GIC0+IERcblggLT4gWX0nKVxuXG5cbkcyX2RhZyA8LSBnZ2RhZyhHMikgKyB0aGVtZV9kYWcoKVxuXG5HMl9kYWckbGF5ZXJzW1szXV0kbWFwcGluZyA8LSBcbiAgYWVzKGNvbG91ciA9IGMoXCJPYnNlcnZlZFwiLCBcIlVub2JzZXJ2ZWRcIilbYXMubnVtZXJpYyhuYW1lID09IFwiRlwiKSArIDFdKVxuRzJfZGFnICsgc2NhbGVfY29sb3JfbWFudWFsKHZhbHVlcyA9IGMoXCJibGFja1wiLCBcImJsdWVcIikpICtcbiAgdGhlbWUobGVnZW5kLnBvc2l0aW9uLmluc2lkZSA9IGMoMC44LCAwLjgpKVxuYGBgIn0= -->

```r
# generate a couple of DAGs and plot them

G2 <- dagitty('dag{
Y [outcome,pos=\"4, 0\"]
D [exposure,pos=\"0, 0\"]
X [confounder, pos=\"2,-1\"]
F [uobserved, pos=\"0, -1\"]
D -> Y
X -> D
X -> F
F -> D
X -> Y}')


G2_dag <- ggdag(G2) + theme_dag()

G2_dag$layers[[3]]$mapping <- 
  aes(colour = c(\"Observed\", \"Unobserved\")[as.numeric(name == \"F\") + 1])
G2_dag + scale_color_manual(values = c(\"black\", \"blue\")) +
  theme(legend.position.inside = c(0.8, 0.8))
```

<!-- rnb-source-end -->
"
"0","```r
# generate a couple of DAGs and plot them

G2 <- dagitty('dag{
Y [outcome,pos=\"4, 0\"]
D [exposure,pos=\"0, 0\"]
X [confounder, pos=\"2,-1\"]
F [uobserved, pos=\"0, -1\"]
D -> Y
X -> D
X -> F
F -> D
X -> Y}')


G2_dag <- ggdag(G2) + theme_dag()

G2_dag$layers[[3]]$mapping <- 
  aes(colour = c(\"Observed\", \"Unobserved\")[as.numeric(name == \"F\") + 1])
G2_dag + scale_color_manual(values = c(\"black\", \"blue\")) +
  theme(legend.position.inside = c(0.8, 0.8))
```"
"1","
<!-- rnb-plot-begin eyJoZWlnaHQiOjQzMi42MzI5LCJ3aWR0aCI6NzAwLCJzaXplX2JlaGF2aW9yIjowLCJjb25kaXRpb25zIjpbXX0= -->

<img src=\"data:image/png;base64,iVBORw0KGgoAAAANSUhEUgAABXgAAANhCAYAAABdAtNeAAAEDmlDQ1BrQ0dDb2xvclNwYWNlR2VuZXJpY1JHQgAAOI2NVV1oHFUUPpu5syskzoPUpqaSDv41lLRsUtGE2uj+ZbNt3CyTbLRBkMns3Z1pJjPj/KRpKT4UQRDBqOCT4P9bwSchaqvtiy2itFCiBIMo+ND6R6HSFwnruTOzu5O4a73L3PnmnO9+595z7t4LkLgsW5beJQIsGq4t5dPis8fmxMQ6dMF90A190C0rjpUqlSYBG+PCv9rt7yDG3tf2t/f/Z+uuUEcBiN2F2Kw4yiLiZQD+FcWyXYAEQfvICddi+AnEO2ycIOISw7UAVxieD/Cyz5mRMohfRSwoqoz+xNuIB+cj9loEB3Pw2448NaitKSLLRck2q5pOI9O9g/t/tkXda8Tbg0+PszB9FN8DuPaXKnKW4YcQn1Xk3HSIry5ps8UQ/2W5aQnxIwBdu7yFcgrxPsRjVXu8HOh0qao30cArp9SZZxDfg3h1wTzKxu5E/LUxX5wKdX5SnAzmDx4A4OIqLbB69yMesE1pKojLjVdoNsfyiPi45hZmAn3uLWdpOtfQOaVmikEs7ovj8hFWpz7EV6mel0L9Xy23FMYlPYZenAx0yDB1/PX6dledmQjikjkXCxqMJS9WtfFCyH9XtSekEF+2dH+P4tzITduTygGfv58a5VCTH5PtXD7EFZiNyUDBhHnsFTBgE0SQIA9pfFtgo6cKGuhooeilaKH41eDs38Ip+f4At1Rq/sjr6NEwQqb/I/DQqsLvaFUjvAx+eWirddAJZnAj1DFJL0mSg/gcIpPkMBkhoyCSJ8lTZIxk0TpKDjXHliJzZPO50dR5ASNSnzeLvIvod0HG/mdkmOC0z8VKnzcQ2M/Yz2vKldduXjp9bleLu0ZWn7vWc+l0JGcaai10yNrUnXLP/8Jf59ewX+c3Wgz+B34Df+vbVrc16zTMVgp9um9bxEfzPU5kPqUtVWxhs6OiWTVW+gIfywB9uXi7CGcGW/zk98k/kmvJ95IfJn/j3uQ+4c5zn3Kfcd+AyF3gLnJfcl9xH3OfR2rUee80a+6vo7EK5mmXUdyfQlrYLTwoZIU9wsPCZEtP6BWGhAlhL3p2N6sTjRdduwbHsG9kq32sgBepc+xurLPW4T9URpYGJ3ym4+8zA05u44QjST8ZIoVtu3qE7fWmdn5LPdqvgcZz8Ww8BWJ8X3w0PhQ/wnCDGd+LvlHs8dRy6bLLDuKMaZ20tZrqisPJ5ONiCq8yKhYM5cCgKOu66Lsc0aYOtZdo5QCwezI4wm9J/v0X23mlZXOfBjj8Jzv3WrY5D+CsA9D7aMs2gGfjve8ArD6mePZSeCfEYt8CONWDw8FXTxrPqx/r9Vt4biXeANh8vV7/+/16ffMD1N8AuKD/A/8leAvFY9bLAAAAOGVYSWZNTQAqAAAACAABh2kABAAAAAEAAAAaAAAAAAACoAIABAAAAAEAAAV4oAMABAAAAAEAAANhAAAAACS0kW4AAEAASURBVHgB7N0HtFTV9Tjg/ehg7z0CdhRr7L1HjUaNJbHE8lMpYgM7CLFXREVaNNFomiWJmlhjV9AYjIpdNHZFxQaigJS/Z/6ZG6q895j33szcb6/lmnvu3HLOd95azmzunF0z/bsIQYAAAQIECBAgQIAAAQIECBAgQIAAAQIVJ9Cs4nqswwQIECBAgAABAgQIECBAgAABAgQIECBQEJDg9YdAgAABAgQIECBAgAABAgQIECBAgACBChWQ4K3QidNtAgQIECBAgAABAgQIECBAgAABAgQISPD6GyBAgAABAgQIECBAgAABAgQIECBAgECFCkjwVujE6TYBAgQIECBAgAABAgQIECBAgAABAgQkeP0NECBAgAABAgQIECBAgAABAgQIECBAoEIFJHgrdOJ0mwABAgQIECBAgAABAgQIECBAgAABAhK8/gYIECBAgAABAgQIECBAgAABAgQIECBQoQISvBU6cbpNgAABAgQIECBAgAABAgQIECBAgAABCV5/AwQIECBAgAABAgQIECBAgAABAgQIEKhQAQneCp043SZAgAABAgQIECBAgAABAgQIECBAgIAEr78BAgQIECBAgAABAgQIECBAgAABAgQIVKiABG+FTpxuEyBAgAABAgQIECBAgAABAgQIECBAQILX3wABAgQIECBAgAABAgQIECBAgAABAgQqVECCt0InTrcJECBAgAABAgQIECBAgAABAgQIECAgwetvgAABAgQIECBAgAABAgQIECBAgAABAhUqIMFboROn2wQIECBAgAABAgQIECBAgAABAgQIEJDg9TdAgAABAgQIECBAgAABAgQIECBAgACBChWQ4K3QidNtAgQIECBAgAABAgQIECBAgAABAgQISPD6GyBAgAABAgQIECBAgAABAgQIECBAgECFCkjwVujE6TYBAgQIECBAgAABAgQIECBAgAABAgQkeP0NECBAgAABAgQIECBAgAABAgQIECBAoEIFJHgrdOJ0mwABAgQIECBAgAABAgQIECBAgAABAhK8/gYIECBAgAABAgQIECBAgAABAgQIECBQoQISvBU6cbpNgAABAgQIECBAgAABAgQIECBAgAABCV5/AwQIECBAgAABAgQIECBAgAABAgQIEKhQAQneCp043SZAgAABAgQIECBAgAABAgQIECBAgIAEr78BAgQIECBAgAABAgQIECBAgAABAgQIVKiABG+FTpxuEyBAgAABAgQIECBAgAABAgQIECBAQILX3wABAgQIECBAgAABAgQIECBAgAABAgQqVECCt0InTrcJECBAgAABAgQIECBAgAABAgQIECAgwetvgAABAgQIECBAgAABAgQIECBAgAABAhUqIMFboROn2wQIECBAgAABAgQIECBAgAABAgQIEJDg9TdAgAABAgQIECBAgAABAgQIECBAgACBChWQ4K3QidNtAgQIECBAgAABAgQIECBAgAABAgQISPD6GyBAgAABAgQIECBAgAABAgQIECBAgECFCrSo0H5XZbe//fbbePXVV2PUqFExevToeOutt+K9996LsWPHxmeffRbffPNNTJ48OaZPnx6tW7eONm3axOKLLx5LLLFErLjiitG+fftYbbXVonPnzrHWWmtFq1atqtLJoAgQIECAAAECBAgQIDCjQPqO9Oabbxa+S6XvVGn7nXfeiU8++SQ+/fTTmDBhQuG71NSpUwvfk9L3qcUWW6zwXWq55ZYrfJfq2LFj4bvUOuusEwsttNCMl7dNgAABAgTKWqDmu/8RTi/rHlZx5yZNmhSPPfZY3H///fH444/Hv/71r8KHjlIMuUWLFvHDH/4wttxyy9hxxx1ju+22i7Zt25bi0q5BgAABAgQIECBAgACBJhVIX2OffvrpuO+++wrfqUaMGBHjxo0rWZ86depU+C61/fbbxy677FJIBJfs4i5EgAABAgRKLCDBW2LQeV3u66+/jr///e9x0003xT333BOp3RiR/oU6fTA54IAD4ic/+Yl/kW4MdPcgQIAAAQIECBAgQKBkAunp24cffrjwXeqvf/1r4ZeOJbv491yopqYmNt9888J3qf333z+WX3757znaWwQIECBAoPEFJHgbyfzZZ5+NYcOGxe9///sYP358I911zrdp165dHHjggdGlS5fYdNNN53yQvQQIECBAgAABAgQIECgDgbRs3TXXXBO//vWv4/3332/SHjVr1ix22223OProo2PPPfeM1BYECBAgQKCpBSR4G3gG0lO6l156aTz44IMNfKf6XX6LLbaIU045pfBUb/qXaUGAAAECBAgQIECAAIFyEEi1SS655JL405/+FOnp3XKLVVZZJU466aT4v//7v0J9lHLrn/4QIECAQH4EJHgbaK5TQrd3797x5JNPNtAdSnvZDTbYIM4999zYY489SnthVyNAgAABAgQIECBAgEAdBFKRtLPOOituueWWOpzVdIemJRv69OlTeKo31UIRBAgQIECgsQUkeEssnn4ylP4Vt1I+jMw6/JTgHThwYHTo0GHWt7QJECBAgAABAgQIECDQYAKpPkl66OSyyy6LKVOmNNh9GurCnTt3jsGDB8dWW23VULdwXQIECBAgMEcBCwbNkaXuO9MHkP79+8caa6xRscndNOo777wz1lprrcIHq0mTJtUdwhkECBAgQIAAAQIECBCoo0AqmrbmmmvGRRddVJHJ3TTc559/Prbeeus4/PDD45NPPqmjgMMJECBAgED9BTzBW3+77MzRo0cXipY988wz2b5q2EgfsG6++eZI/xItCBAgQIAAAQIECBAgUGqBL7/8Mo466qi49dZbS33pJr3eYostFtddd12h1kmTdsTNCRAgQCAXAp7gnc9pTgv+b7jhhlFtyd3E8sorr8Qmm2wS11577XwqOZ0AAQIECBAgQIAAAQIzC4wcOTJSLZBqS+6mUX7++eex9957F5bv+/bbb2ceuBYBAgQIECixgARvPUEnTpwYXbt2jZ///Ofx1Vdf1fMq5X9aGufRRx8dBx98cFWPs/xnQg8JECBAgAABAgQIVI/AVVddFVtssUW8+eab1TOoOYzkiiuuKKzJ+9Zbb83hXbsIECBAgEBpBCzRUA/H9DOivfbaKx599NF6nF25p2y00UZx9913x1JLLVW5g9BzAgQIECBAgAABAgSaTGDatGnRo0ePGDJkSJP1oSluvPTSS8c999xTeGK5Ke7vngQIECBQ3QISvHWc3w8//DB+9KMfxahRo+p4ZnUcvuqqq8Z9990XHTp0qI4BGQUBAgQIECBAgAABAo0ikIo4H3LIIVW5JENtABdccMG4/fbbY4cddqjN4Y4hQIAAAQK1FpDgrTVVRCqmtvPOO8fbb79dh7Oq79Bll1027r333lh33XWrb3BGRIAAAQIECBAgQIBAyQXGjx9fKDj20EMPlfzalXTBli1bxu9///vYf//9K6nb+kqAAAECZS4gwVvLCXrnnXdi8803jw8++KCWZ1T3YUsssUQMHz481lhjjeoeqNERIECAAAECBAgQIDBfAqmux6677pq7Je7mhtasWbP4y1/+Ukh4z+0Y+wkQIECAQF0EFFmrhdann34au+yyi+TuDFZFk/fff3+GvTYJECBAgAABAgQIECDwP4GpU6cWClPnrX7J/wRm30rrEB944IHx2GOPzf6mPQQIECBAoB4CErzzQJswYULsscce8eqrr87jyPy9nZ5qTusRf/755/kbvBETIECAAAECBAgQIDBPgW7dusVtt902z+PydkBaj3jPPfeM559/Pm9DN14CBAgQaAABCd7vQZ0+fXocdNBB8c9//vN7jsr3Wy+88ELsu+++kf5lXhAgQIAAAQIECBAgQKAocOGFF8Y111xTbHqdReDLL78sLF3x8ccfz/KOJgECBAgQqJuABO/3eF1++eVxxx13fM8R3koCDz/8cPTr1w8GAQIECBAgQIAAAQIECgJpSYY+ffrQmIfAhx9+GAcffHCkZRsEAQIECBCor4Aia3ORe/LJJ2PrrbeOKVOmzOUIu2cUqKmpiXvvvTd23nnnGXfbJkCAAAECBAgQIEAgZwKffPJJrLfeepGSl6J2Aueee66EeO2oHEWAAAECcxCQ4J0DSlpTNn0geffdd+fwrl1zE1hqqaXiueeei+WWW25uh9hPgAABAgQIECBAgEAVC6Rl7nbbbbfCwx9VPMySD61Zs2bx4IMPxrbbblvya7sgAQIECFS/gCUa5jDHvXr1ktydg8u8dqV/qe/evfu8DvM+AQIECBAgQIAAAQJVKnDttddK7tZjbtMSDYcffnh888039TjbKQQIECCQdwFP8M7yFzB8+PDYaqutZtmrWReBO++8M3bfffe6nOJYAgQIECBAgAABAgQqXGDs2LGx+uqrR/pFpKifQFq3OC3XIAgQIECAQF0EJHhn0Jo6dWpsuOGGMWrUqBn22qyrQIcOHeKll16KNm3a1PVUxxMgQIAAAQIECBAgUKECRx11VPz617+u0N6XR7dbtWoVL7zwQqy22mrl0SG9IECAAIGKELBEwwzTNHDgQMndGTzqu/nmm2/GhRdeWN/TnUeAAAECBAgQIECAQIUJPPHEE5K7JZizyZMnR48ePUpwJZcgQIAAgTwJeIL3v7M9bty4WHnlleOLL77I0/w32Fjbtm0bKdG7zDLLNNg9XJgAAQIECBAgQIAAgfIQSMvcpeXuRGkE7r333thll11KczFXIUCAAIGqF/AE73+neMCAAZK7JfxzT8UBPMVbQlCXIkCAAAECBAgQIFCmAikZKblb2snp27dvaS/oagQIECBQ1QKe4P1ueidMmBArrriiBG+J/9TTGrzvvvtuLLnkkiW+sssRIECAAAECBAgQIFAuAttuu208+uij5dKdqunH/fffHzvuuGPVjMdACBAgQKDhBDzB+53tb37zG8ndBvgbmzhxYgwePLgBruySBAgQIECAAAECBAiUg8DIkSMldxtoIvr3799AV3ZZAgQIEKg2AU/wfjeja6yxRrz22mvVNrdlMZ5ll1228BRvixYtyqI/OkGAAAECBAgQIECAQOkEDjvssLjhhhtKd0FXmklg9OjRseqqq860T4MAAQIECMwqkPsneNNPiSR3Z/2zKF17zJgxceedd5bugq5EgAABAgQIECBAgEBZCHz55Zdx8803l0VfqrUT1157bbUOzbgIECBAoIQCuU/wXnfddSXkdKk5CVx//fVz2m0fAQIECBAgQIAAAQIVLHDTTTdFWpZNNJxAejp62rRpDXcDVyZAgACBqhDI9RINkydPjqWXXjrSvzyLhhNo1apVfPLJJ7Hwwgs33E1cmQABAgQIECBAgACBRhXYaaed4oEHHmjUe+bxZo888khss802eRy6MRMgQIBALQVy/QRv+jAiuVvLv5T5OCwl0i3TMB+ATiVAgAABAgQIECBQZgKffvppPPTQQ2XWq+rszq233lqdAzMqAgQIECiZQK4TvHfffXfJIF3o+wXuuuuu7z/AuwQIECBAgAABAgQIVIzAvffea+mARpot36UaCdptCBAgUMECuU7w3nPPPRU8dZXV9WQ9ffr0yuq03hIgQIAAAQIECBAgMEeBlOAVjSPwxhtvRPpPECBAgACBuQm0mNsb1b5/zJgxMXr06LIb5qKLLhrNms09756WO/j6668r7l/Lx44dG6+++mqsueaaZWeuQwQIECBAgAABAgQI1E3g0UcfrdsJDXz04osvPtsdPvvss9n2zbqjRYsWs9UKmTRpUkyYMGHWQ5u0nbxXWWWVJu2DmxMgQIBA+QrMPZNYvn0uSc+GDx9ekuuU+iLPPPNMpPWs5vbf+PHjY8qUKYWiZQ8++GB069Yt2rVrV+puNMj1ytW8QQbrogQIECBAgAABAgSqVOCDDz6It956q6xGd80118z2HWq33XabZx8vv/zy2c7bYYcd5nleYx/gu1Rji7sfAQIEKksgtwnep59+urJmaobe1tTUxJJLLhnbb799DB48uPBznS233HKGI8pzc+TIkeXZMb0iQIAAAQIECBAgQKDWAuX4Xeq4446LcePGzTSGK6+8Mlq1ajXTvhkba6+9duGBmRn33XLLLfG3v/1txl1lsV2O5mUBoxMECBAgUBDIbYJ31KhRVfMnsOyyy0Z6mneLLbYo6zE9//zzZd0/nSNAgAABAgQIECBQqQJpWYFDDz001lprrUhPpX777bcNNpRy/C6Vnio+44wzZhrzaqutFr169Zpp34yNlABOSzQU44svvojjjz++2Cyr15deeqnwS86y6pTOECBAgEDZCNR8V/gql5WvOnbsGG+++WbZTESxI6lP7du3Lzbjtttui3//+9+FdXlbtmxZWI5hpZVWit133322pRnS8g4//OEPy3Z93rS+8Oeff56NzQYBAgQIECBAgAABAqURuPHGG+MXv/hFdrHVV189BgwYUPjekO0s0cbBBx8cf/jDH0p0tdJdJtUyefzxx2PzzTfPLprW0k1J73fffTfblzb22Wef+Mtf/jLTvi5dusSvfvWrmfaVU+OVV16JNdZYo5y6pC8ECBAgUCYCuXyCd+rUqfHOO++UyRR8fzfuuOOOOPfcc+Pss8+OPn36RM+ePWP//fePlKAeMmTITCdvsMEGcfTRR8+0r5wa6V/Ev/zyy3Lqkr4QIECAAAECBAgQqAqB9Fl7xnjttddijz32iLQObUoMljLK8UGZNL5p06bFMcccM9PTywsssED0799/puG3adNmtn0pMZzW8S3nKFf3cjbTNwIECORFIJcJ3vfffz9SkreS46OPPoru3bvHY489NtMwzj///FhooYVm2ldOjXIrxlBONvpCgAABAgQIECBAoL4Cc/th5j333BPrrrtunHTSSTFrEri+93r77bfre2qDn/fCCy/EJZdcMtN90gMyMxZOO/nkk6NDhw7ZMZMnTy4khudmmB3YxBvl7N7ENG5PgACB3AvkMsH78ccfV83Ep2ICM8YSSywRW2+99Yy7ymq7muzLClZnCBAgQIAAAQIECMxFIK3He8UVV0Rak3bo0KHz/bBLuX+mP++882L06NEzaQwcODDSkncrrrjibGv1XnjhhfHyyy/PdHw5NsrdvRzN9IkAAQJ5EchlgvfTTz+tmvl97rnnZltuYssttyzb8VWTfdki6xgBAgQIECBAgEDuBGpqauY55rFjx0a3bt1iww03jIcffniex8/pgLTk2pQpU+b0VtnsmzhxYqT1dGeMTp06RXo4Jj3d265du+yttHzFBRdckLXLeSPNnyBAgAABAnMS+F/J0Dm9W6X7xo0bV1Uje/HFF+MHP/hBNqZVVlkl2y63jfHjx9e5S+mnSJZ2qDObEwgQIECAAAECBHIkMOsTq9839FGjRsX2228fO+64Y2Hd2RmXK/i+89J79fk8P69rNsT7Dz30UFx33XVxxBFHZJdPT/a2bds2a6clGdKavWmJhkqISrGvBEt9JECAQLUJ5DLBWyn/A6/tH9ushcsWXXTR2p7a6MdNmjSpzvf87W9/G/369avzeU4gQIAAAQIECBAgQGDuAg888EB07tw5RowYUVind+5H/u+dSvouldba/fGPfxxLLbVUYQAzJnfTjlRUbdaaJv8bafltVZJ9+enpEQECBKpbIJdLNKQ1qKopvvnmm5mGU85F1sr951wzQWoQIECAAAECBAgQqHKBCRMmxH333VfrUVbSd6nPPvusUFxuToMbM2ZMnHbaaXN6q2z3VZJ92SLqGAECBKpUIJcJ3latWlXVdM76L9Effvhh2Y4vFTYQBAgQIECAAAECBAiUh0Aq0vyTn/yk1p2ptM/zv//97+eYwD7++OPjiy++qPW4y+HASrMvBzN9IECAQF4EcrlEQ7UleBdZZJGZ/l7rsv7WTCc2QqM+9t27d4/99tuvEXrnFgQIECBAgAABAgQqU+B3v/tdXHjhhbXufLNmzeJnP/tZXHnllbHkkkvW+rzWrVvX+thyOTAtxbDLLrtk3UmFn2+55ZasXSkblWhfKbb6SYAAgUoXyGWCd+GFF670eZup/2uttdZM7XJO8M6ajJ6p43NppA+cdfnQOZfL2E2AAAECBAgQIECgagWWW265Wo9tu+22KyR211133VqfUzywEr9LTZs2rdj9wuus7ZneLONGJdqXMaeuESBAoKoEcrlEQzUlC1dbbbVo3779TH+U5ZzgTT8BEwQIECBAgAABAgQIlFZg+vTp87xg+t5w6623xkMPPVTromqzXjTV+7BUwKwqjdP2XapxnN2FAAEClSiQywTv0ksvXYlzNcc+z/ozrLSO1DPPPDPHY8th5zLLLFMO3dAHAgQIECBAgAABArkRWGCBBeL888+Pl19+OX7605/O97h9pp9vwnpdgHu92JxEgACBXAjkMsG7/PLLV/y/OqfCaqnq66wf0IYMGRJfffVV2f7xrrzyymXbNx0jQIAAAQIECBAgUKkCNTU1s3U97Tv00EPjtddeizPPPDPatGkz2zH12THrLwjrcw3n1F2Ae93NnEGAAIG8CORyDd5UUCAlGl9//fWyn+cDDzww1l577UI/0we0tLD+UkstFdtss00su+yyM/X/vffei/79+8+0r5wa6SdF6SddggABAgQIECBAgACB0gqk7wgzxqabblpYZze9ljo6dOgQjz/+eKkv63rzEEjuggABAgQIzEkglwneBJGSppWQ4N11110j/Tev+OabbwpP86aKsOUa66yzTrl2Tb8IECBAgAABAgQIVLTA/vvvH0899VSMHDkyjj766DjkkENiTk/1lmKQxQdQSnEt16idQHr6umPHjrU72FEECBAgkDuB3CZ4U8XY22+/veInPBVTuOmmm+L000+Pt99+u6zH07lz57Lun84RIECAAAECBAgQqFSB5s2bx+WXX94o3fe5vlGYZ7pJelgm/RJVECBAgACBOQnkNsH7wx/+cE4eZb/v22+/jfHjx8eYMWPi6aefjsGDB8eTTz5Z9v1OHdx4440rop86SYAAAQIECBAgQIDA3AUq9bvU3EdU/u8wL/850kMCBAg0pUDNd0+ATm/KDjTVvceOHVtYy7ap7p/H+6YlMVZZZZU8Dt2YCRAgQIAAAQIECFSVwOqrrx6jR4+uqjGV82BuvPHGwrIb5dxHfSNAgACBphPI7W88llxyyejUqVPTyefszsstt5zkbs7m3HAJECBAgAABAgSqVyAVfRaNJ8C78azdiQABApUokNsEb5qsH/3oR5U4ZxXZ5912260i+63TBAgQIECAAAECBAjMLuC71OwmDbVnrbXWih/84AcNdXnXJUCAAIEqEMh1gnePPfaogimsjCHsvvvuldFRvSRAgAABAgQIECBAYJ4CO++8c7RokduSLvP0KeUBvkuVUtO1CBAgUJ0CuU7wbrvttpGWahANK9CuXbvwBG/DGrs6AQIECBAgQIAAgcYUWGSRRWKXXXZpzFvm9l77779/bsdu4AQIECBQO4FcJ3ibN28e++23X+2kHFVvgT333DNSklcQIECAAAECBAgQIFA9AgceeGD1DKZMR9K+ffvYdNNNy7R3ukWAAAEC5SKQ6wRvmoQjjjiiXOaiavvBuGqn1sAIECBAgAABAgRyLPDTn/40FlxwwRwLNPzQDz/88Ia/iTsQIECAQMUL5D7Bu8kmm8S6665b8RNZrgNIxQDS+lyCAAECBAgQIECAAIHqElhggQXioIMOqq5BldFoampq4sgjjyyjHukKAQIECJSrQO4TvGlijjvuuHKdn4rvV7Jt1syfWcVPpAEQIECAAAECBAgQmIOA71JzQCnRrn322SdWWmmlEl3NZQgQIECgmgVqpn8X1TzA2oxt0qRJkZ40/fjjj2tzuGNqKZB+rvX+++/HwgsvXMszHEaAAAECBAgQIECAQKUJpILK99xzT6V1u+z7O2LEiNh8883Lvp86SIAAAQJNL+DRyu/moHXr1nHyySc3/WxUWQ+OP/54yd0qm1PDIUCAAAECBAgQIDCrQO/evWfdpT2fAttvv73k7nwaOp0AAQJ5EvAE739n++uvv46OHTvGRx99lKf5b7Cxpqd233rrrVhsscUa7B4uTIAAAQIECBAgQIBAeQjsuuuucd9995VHZ6qgF48//nhsueWWVTASQyBAgACBxhDwBO9/ldu1axfnnXdeY5jn4h5nnXWW5G4uZtogCRAgQIAAAQIECERccsklam+U6A9h3333ldwtkaXLECBAIC8CnuCdYabTcsRbbLFFPPnkkzPstVlXgbXXXjueffbZaNGiRV1PdTwBAgQIECBAgAABAhUqcNJJJ8UVV1xRob0vj26nB49eeeUVxdXKYzr0ggABAhUj4AneGaaqpqYmhgwZ4l+eZzCpz+bgwYMld+sD5xwCBAgQIECAAAECFSxw9tlnx7LLLlvBI2j6rvfr109yt+mnQQ8IECBQcQISvLNM2frrrx89evSYZa9mbQUOPfTQ2GabbWp7uOMIECBAgAABAgQIEKgSgVSHY8CAAVUymsYfRqdOnSI9BS0IECBAgEBdBSzRMAexCRMmxEYbbRSvvvrqHN61a24CK620UmFphsUXX3xuh9hPgAABAgQIECBAgECVCxxwwAFxyy23VPkoSzu8li1bxhNPPFH4HlraK7saAQIECORBwBO8c5jlBRZYoPCBpE2bNnN41645CTRv3jxuuummkNydk459BAgQIECAAAECBPIjcO2110bHjh3zM+ASjPTyyy+X3C2Bo0sQIEAgrwISvHOZ+c6dO8fAgQPn8q7dswpcdNFFsfnmm8+6W5sAAQIECBAgQIAAgZwJpKUa0hO8rVq1ytnI6zfcfffd1zKB9aNzFgECBAj8V8ASDfP4UzjssMPihhtumMdR+X57r732ittuuy1SkTpBgAABAgQIECBAgACBJJAKWHfv3h3G9wisssoq8fTTT8ciiyzyPUd5iwABAgQIfL+ABO/3+8TkyZPjxz/+cfzjH/+Yx5H5fHuzzTaLBx54INq1a5dPAKMmQIAAAQIECBAgQGCuAqeffnpcfPHFc30/z28ss8wyMWLECMtZ5PmPwNgJECBQIgEJ3lpAfvXVV7H99tvHyJEja3F0fg5Zc801Y/jw4dbdzc+UGykBAgQIECBAgACBOgsceeSRcd1119X5vGo+YaGFFopHH3001l9//WoeprERIECAQCMJSPDWEvqTTz6JLbbYIl5//fVanlHdh62wwgqFKq8rrbRSdQ/U6AgQIECAAAECBAgQmC+BKVOmRFpn9m9/+9t8XadaTk5rE997772x3XbbVcuQjIMAAQIEmlhAkbVaTsBSSy0VjzzySKyzzjq1PKN6D0sVcdO/NkvuVu8cGxkBAgQIECBAgACBUgm0aNGiUHQtJXnzHgsuuGDceeedkrt5/0MwfgIECJRYQIK3DqDLL798PPbYY7HVVlvV4azqOnTDDTcsPLmbkryCAAECBAgQIECAAAECtRFo3bp1IcnbpUuX2hxelcekh4Yefvjh2GmnnapyfAZFgAABAk0nIMFbR/tFF1007rvvvthrr73qeGblH77DDjsUPpAsvfTSlT8YIyBAgAABAgQIECBAoFEFmjVrFkOHDo2+ffs26n3L4Wbt27cv1C/ZaKONyqE7+kCAAAECVSYgwVuPCW3btm385S9/iT59+kRNTU09rlB5p5xwwglx9913RyoGIAgQIECAAAECBAgQIFBfgbPPPjv+8Ic/RFquIA+x6667xlNPPRWrrbZaHoZrjAQIECDQBAKKrM0n+j/+8Y84+OCDIxVhq8ZYZJFF4vrrr4+99967GodnTAQIECBAgAABAgQINJHAa6+9FgcccEA899xzTdSDhr1temL53HPPjTPOOCM3DwY1rKirEyBAgMDcBCR45yZTh/0ffvhhHHLIIfHggw/W4azyP3SzzTaLP/7xj5F+TiQIECBAgAABAgQIECBQaoGJEydGz549Y8iQIaW+dJNeb8UVVyw8pbz11ls3aT/cnAABAgTyIWCJhhLM83LLLRcPPPBA/Pa3v420cH6lR1pnOH3AGj58uORupU+m/hMgQIAAAQIECBAoY4E2bdrE4MGD49FHH4111lmnjHtau641b948Tj755Hj55ZdDcrd2Zo4iQIAAgfkX8ATv/BvOdIUvvvgievfuXUiQTp8+fab3KqFx+OGHxyWXXFIViepK8NZHAgQIECBAgAABAgT+v8CUKVPiyiuvjH79+sWECRMqjmWbbbYpJKvXXnvtiuu7DhMgQIBAZQt4grfE85eefh00aFA888wzseeee5b46g13uZ122imefPLJuO666yR3G47ZlQkQIECAAAECBAgQmItAixYtolevXpHW5u3evXu0bNlyLkeW1+5OnTrFLbfcEo888khI7pbX3OgNAQIE8iLgCd4GnumRI0fGpZdeGrfeemtMmzatge9Wt8vX1NTEXnvtFaecckpsueWWdTvZ0QQIECBAgAABAgQIEGhAgXfeeScGDBgQ11xzTVk+0bvxxhsXlmPYb7/9IhVUEwQIECBAoKkEJHgbSf7tt9+OX//614X/Pvjgg0a665xvk9YJPuKII+Loo4+OVVdddc4H2UuAAAECBAgQIECAAIEyEPjyyy/jxhtvLCR6R40a1aQ9atu2bRx44IGF71JbbLFFk/bFzQkQIECAQFFAgrco0UivU6dOLRQQuOmmm+L222+PMWPGNMqdl1xyycLTugcccEDsuOOOkX7+JAgQIECAAAECBAgQIFBJAinBm75L/fWvfy0UMmuMvrdr1y523nnnSN+l0i8gF1xwwca4rXsQIECAAIFaC0jw1pqqYQ587rnn4v7774/HH388RowYER9//HFJbrTEEkvE5ptvHltttVUhobvRRhtFWpJBECBAgAABAgQIECBAoBoE0q8k77vvvnjssccK36XeeOONkgwrJXTT8gtpGbvtt98+tt5662jdunVJru0iBAgQIECgIQQkeBtCdT6u+dFHH0X6V+nRo0fHW2+9Fe+9916MHTs2Pvvss/jmm29i0qRJhau3atUq0s+DFl988UjJ3BVXXDHat29fWHJh3XXXjeWXX34+euFUAgQIECBAgAABAgQIVJbAuHHj4vnnn49XX3013nzzzUhr+H7yySfx6aefFtbwnTx5cqRfVKbvUilhmwpkp186LrfccoXvUh07dozOnTtHerWmbmXNvd4SIEAg7wISvHn/CzB+AgQIECBAgAABAgQIECBAgAABAgQqVkCpz4qdOh0nQIAAAQIECBAgQIAAAQIECBAgQCDvAhK8ef8LqMP409IR2223XaG4QPrpkyBAgAABAgQIECBAgEBtBNIyCaeeempssskmccMNN9TmFMcQIECAAAECtRSwREMtoRwWhaJtTz75ZEbxi1/8Is4555xYeeWVs302CBAgQIAAAQIECBAgUBT4+uuv44orrojzzjuvUFMk7U/r26bi0qmWiCBAgAABAgTmX8ATvPNvmJsrfPjhhzONNf3L+xprrBE9e/YsFC6Y6U0NAgQIECBAgAABAgRyKzBlypQYNmxYoQh07969s+RuApk2bVp89dVXubUxcAIECBAgUGoBCd5Si1bx9dq2bTvb6CZNmhQDBgwoVJo9//zzI/0LvSBAgAABAgQIECBAIL8Cf/7zn2PttdeOrl27xqwPiRRV2rRpU9z0SoAAAQIECMyngATvfALm6fTFFltsrsMdN25c9OnTJ1ZZZZUYOnRopH+xFwQIECBAgAABAgQI5Efg4Ycfjk033TT222+/eO2117534BK838vjTQIECBAgUCcBCd46ceX74Np8CBszZkx069YtOnXqFLfccku+wYyeAAECBAgQIECAQA4Ennvuudhtt91i++23j6eeeqpWI67Nd4taXchBBAgQIECAQEjw+iOotUDr1q1rfezo0aPjgAMOKFTJHTFiRK3PcyABAgQIECBAgAABApUh8MEHH8QhhxwSG2ywQdxzzz116nSrVq3qdLyDCRAgQIAAgbkLtJj7W94hMLNAff6V/V//+lfssMMO8cYbb8QKK6ww8wW1CBAgQIAAAQIECBCoWIGf/OQnMXLkyDr3Pz04UlNTU+fznECAAAECBAjMWcATvHN2sXcOAvVJ8KbLpEJsH3/88RyuaBcBAgQIECBAgAABApUq8O6779ar6/X9XlGvmzmJAAECBAjkQECCt4ImOSVJf/7znxeKFrzzzjuN3vP6fBBL/zLfs2fPws+2Gr3DbkiAAAECBAgQIECAQIMJDBkyJBZZZJE6X78+3yvqfBMnECBAgACBHAlI8FbQZB9xxBHxpz/9Kf785z/HwQcf3Og9r+sHsfXWWy/S+rv9+/dv9L66IQECBAgQIECAAAECDSuwzz77xCuvvBI/+9nP6nSjutT2qNOFHUyAAAECBHIqIMFbIRN///33x1133ZX19vHHH49bbrklazfGRm0/iC2wwAJx2WWXFdbj2myzzRqja+5BgAABAgQIECBAgEATCCy77LLxxz/+Me67775YddVVa9WDuj44UquLOogAAQIECORYQIK3AiZ/6tSpceKJJ87W01NOOSUmTpw42/6G2lHbD2Knnnpq9OrVK1q0UMOvoebCdQkQIECAAAECBAiUk8DOO+8cN998czRrNu+vmLX9XlFO49MXAgQIECBQzgLz/r9vOfc+J31La1u9+OKLs4327bffjksvvXS2/Q214/s+iM34QS4tyfDBBx80VDdclwABAgQIECBAgACBMhOYPn164aGUadOmzbNn3/e9Yp4nO4AAAQIECBCYTUCCdzaS8trx2WefRb9+/ebaqYsvvjjef//9ub5fyjfm9EEsPaV78sknx7XXXpvdaty4cXN84jg7wAYBAgQIECBAgAABAlUlcP3118ejjz6ajenQQw+NG264IZZaaqlsX3Gjtku/FY/3SoAAAQIECHy/gATv9/s0+bspuZuSvHOLCRMmxGmnnTa3t0u6f+mll57peptvvnn8+9//LjxFnArApZ9lFSOtD3z33XcXm14JECBAgAABAgQIEKhSgU8//TTSMm3FWGyxxQo1OVKS99VXX42jjz46ampqim/HMsssk23bIECAAAECBOZfoOa7n9JMn//LuEJDCKRlGdZff/2YMmXK914+fVgaPnx4pIRrQ0Za77dr167x7LPPxrHHHhtHHXXUTB/UXn/99ejcuXO2LnDHjh3jhRdeiLZt2zZkt1ybAAECBAgQIECAAIEmFDjyyCPjuuuuy3rwq1/9qpDUzXZ8tzFixIjo3bt34btNOra2BdlmvIZtAgQIECBAYM4CErxzdimLvemJ2Pvvv79Wfdl4443jn//850wJ11qdWOKDzjnnnJmWlDjzzDPj/PPPL/FdXI4AAQIECBAgQIAAgXIQeOyxx2LbbbeN4nNDW2yxRTz++ONN/r2kHGz0gQABAgQINJaABG9jSdfxPrfffnvsvffedTorrXt12GGH1emcUh88efLkWHfddQs/xUrXbtmyZTz33HOx1lprlfpWrkeAAAECBAgQIECAQBMKfPvtt4VfHL700kuFXqT6HGkJt/SrPkGAAAECBAg0noA1eBvPutZ3SknSXr161fr44oFnnHFGfPXVV8Vmk7y2atUqBg8enN07fehLyzoIAgQIECBAgAABAgSqS+Cyyy6LYnI3jeykk06S3K2uKTYaAgQIEKgQgea//C4qpK+56Wb//v3j5ptvrvN4U3I3/TRqp512qvO5pTyhQ4cO8cYbb8SoUaMKl3377bdj5ZVXjg022KCUt3EtAgQIECBAgAABAgSaSODNN9+MAw88MKsX8oMf/CBSoeX0wIcgQIAAAQIEGlfAEg2N6z3Pu40dOzZScbLx48fP89g5HdC6det47bXXIn3Aasr4+OOPY80114zPP/+80I0ll1wyXnnllVhiiSWaslvuTYAAAQIECBAgQIBACQT22GOPuOuuu7Ir3XHHHbHnnntmbRsECBAgQIBA4wlYoqHxrGt1p5EjR9Y7uZtuMGnSpBg+fHit7tWQBy299NJx0UUXZbdIietTTz01a9sgQIAAAQIECBAgQKAyBW699daZkrupdojkbmXOpV4TIECAQHUIeIK3zOYxLbOQqtCm4gT1ifTUbErwLr744vU5vaTnpOUittxyy3jiiScK162pqYlHHnkktt5665Lex8UIECBAgAABAgQIEGgcgfRLw/Sd44MPPijccMEFFyysw7vSSis1TgfchQABAgQIEJhNQIJ3NpKm3zF16tR45513Ir3OGD169Ih77723sGuzzTaLG2+8cca3o1mzZpE+WLVs2XKm/U3ZeP7552PDDTfM1ubq1KlTPPvss2XVx6b0cW8CBAgQIECAAAEClSRwwgknxFVXXZV1OdUP6dmzZ9a2QYAAAQIECDS+QIvGv6U7zkugefPmkQqVzRrpX8eL0a5du1h11VWLzbJ97dy5c6Ga7qWXXlroY6qymz4Enn766WXbZx0jQIAAAQIECBAgQGB2gfQrw0GDBmVvrLfeepESvoIAAQIECBBoWgFr8Datfy7u3q9fv5mKvp1zzjmRqu4KAgQIECBAgAABAgQqQ2DatGnRpUuX7FeG6deDw4YNi/RwiiBAgAABAgSaVkCCt2n9c3H3BRZYIAYOHJiN9Ztvvom03IQgQIAAAQIECBAgQKAyBAYPHhypIHQxjjnmmNh0002LTa8ECBAgQIBAEwpI8DYhfp5uvddee0WqrluMu+66K1L1XUGAAAECBAgQIECAQHkLfPjhh9G7d++sk8sss0xceOGFWdsGAQIECBAg0LQCErxN65+ru6diDDOuI3ziiSdGqsIrCBAgQIAAAQIECBAoX4H0uX3cuHFZBy+//PJYdNFFs7YNAgQIECBAoGkFJHib1j9Xd19ppZXi7LPPzsb8/vvvR58+fbK2DQIECBAgQIAAAQIEykvg3nvvjZtvvjnr1E477RQHHXRQ1rZBgAABAgQINL2ABG/Tz0GuenD88cdHqrZbjFSFN1XjFQQIECBAgAABAgQIlJfAxIkTo3v37lmnWrduHWktXkGAAAECBAiUl4AEb3nNR9X3pkWLFjF06NCoqakpjHXq1KmFarypKq8gQIAAAQIECBAgQKB8BM4777z4z3/+k3XojDPOiNVWWy1r2yBAgAABAgTKQ0CCtzzmIVe92GyzzQpJ3eKgUzVeTwIUNbwSIECAAAECBAgQaHqBV155JS699NKsI6uvvnqcfvrpWdsGAQIECBAgUD4CErzlMxe56kmqupuq7xYjVeVN1XkFAQIECBAgQIAAAQJNL9C1a9eYPHly1pH0QEZaokEQIECAAAEC5ScgwVt+c5KLHqWqu6n6bjFSVd5UnVcQIECAAAECBAgQINC0Ar/97W/jkUceyTpx8MEHx4477pi1bRAgQIAAAQLlJSDBW17zkavepOq7M35QTNV5U5VeQYAAAQIECBAgQIBA0wh89tlncfLJJ2c3n/XBjOwNGwQIECBAgEDZCEjwls1U5LMjQ4YMmemnXscee2ykar2CAAECBAgQIECAAIHGFzj11FNj7Nix2Y0vuuiiWHrppbO2DQIECBAgQKD8BCR4y29OctWjVIU3VeMtxhtvvBGpWq8gQIAAAQIECBAgQKBxBR5//PH4zW9+k900FUc+5phjsrYNAgQIECBAoDwFJHjLc15y1atUjTdV5S1GqtabqvYKAgQIECBAgAABAgQaR+Dbb7+NVFht+vTphRu2aNEihg0bFjU1NY3TAXchQIAAAQIE6i0gwVtvOieWSiBV401VeYuRqvWmD5eCAAECBAgQIECAAIHGEUgFkF988cXsZieccEKsu+66WdsGAQIECBAgUL4CErzlOze56lkqtpaq8xYjVe1N1XsFAQIECBAgQIAAAQINK/DWW2/FOeeck91kpZVWirPPPjtr2yBAgAABAgTKW0CCt7znJ1e9S08NpCq9xUjVe1MVX0GAAAECBAgQIECAQMMJ9OjRI77++uvsBgMHDowFFlgga9sgQIAAAQIEyltAgre85ydXvUvVeVOV3mKk6r2piq8gQIAAAQIECBAgQKBhBP7yl7/EnXfemV18r732ip/85CdZ2wYBAgQIECBQ/gISvOU/R7nqYarSm6r1FiNV8R0+fHix6ZUAAQIECBAgQIAAgRIJjB8/Po4//vjsaump3fT0riBAgAABAgQqS0CCt7Lmq+p7m6r0Dh06NFLV3hSpim8quJaq+goCBAgQIECAAAECBEon0Ldv33j//fezC/7yl7+MH/zgB1nbBgECBAgQIFAZAhK8lTFPuerleuutF6lqbzFeeOGFSOvzCgIECBAgQIAAAQIESiPwzDPPzPS07rrrrhsnnnhiaS7uKgQIECBAgECjCkjwNiq3m9VWIFXtTdV7i5Gq+qbqvoIAAQIECBAgQIAAgfkTmDZtWnTp0iWmTp1auNCsv6Kbv6s7mwABAgQIEGhsAQnexhZ3v1oJzLr+V6rqm6r7CgIECBAgQIAAAQIE5k9gyJAh8a9//Su7yNFHHx2bb7551rZBgAABAgQIVJaABG9lzVeuepuq96YqvsVI1X1TlV9BgAABAgQIECBAgED9BMaMGRO9e/fOTl566aXjoosuyto2CBAgQIAAgcoTkOCtvDnLVY9TFd/0NG8x0tq8qdqvIECAAAECBAgQIECg7gInnXRSfPnll9mJ/fv3j8UWWyxr2yBAgAABAgQqT0CCt/LmLFc9TlV8UzXfYrz33nuRqv0KAgQIECBAgAABAgTqJnDffffFn/70p+ykHXbYIQ455JCsbYMAAQIECBCoTAEJ3sqct1z1OlXzTVV9i5Ge6k1VfwUBAgQIECBAgAABArUTmDhxYnTv3j07uHXr1pHW4hUECBAgQIBA5QtI8Fb+HFb9CFq0aBFDhw6NVN03Rar227Vr10jVfwUBAgQIECBAgAABAvMWuOCCC+KNN97IDjz99NNj9dVXz9o2CBAgQIAAgcoVkOCt3LnLVc9TVd9U3bcYTz31VCHpW2x7JUCAAAECBAgQIEBgzgKvvvpqXHzxxdmbq622WpxxxhlZ2wYBAgQIECBQ2QISvJU9f7nqfarum6r8FuPMM8+MVAVYECBAgAABAgQIECAwd4H067fJkydnBwwePDjSEg2CAAECBAgQqA4BCd7qmMdcjCJV901VfouRqv+mKsCCAAECBAgQIECAAIE5C9xwww3x8MMPZ28edNBBsdNOO2VtGwQIECBAgEDlC0jwVv4c5moEqcpvqvZbjFQFOFUDFgQIECBAgAABAgQIzCzw2Wefxcknn5ztXHTRRePyyy/P2jYIECBAgACB6hCQ4K2OeczVKFK13xl/UnbsscdGqgosCBAgQIAAAQIECBD4n0AqpPbJJ59kOy688MJYZpllsrYNAgQIECBAoDoEJHirYx5zNYpU7fe0007Lxvz6669HqgosCBAgQIAAAQIECBD4/wIjRoyIa6+9NuPYdNNN45hjjsnaNggQIECAAIHqEZDgrZ65zNVIUoG1VP23GKkqcKoOLAgQIECAAAECBAjkXWDKlCmRCqtNnz69QNG8efMYOnRoNGvm61/e/zaMnwABAgSqU8D/4atzXqt+VGmJhlT9txipKnC3bt2KTa8ECBAgQIAAAQIEciuQ1tl9/vnns/GfcMIJsf7662dtGwQIECBAgEB1CUjwVtd85mo0qfpvqgJcjIceeihuvPHGYtMrAQIECBAgQIAAgdwJvP3223H22Wdn415ppZVmamdv2CBAgAABAgSqRkCCt2qmMp8DSU8npGrAxejVq1d8/vnnxaZXAgQIECBAgAABArkSOO644+Lrr7/OxnzVVVfFggsumLVtECBAgAABAtUnIMFbfXOaqxGlKsAzFlhLVYJnLMCWKwyDJUCAAAECBAgQyLXAX//61/jb3/6WGey5556x9957Z20bBAgQIECAQHUKSPBW57zmalRdunSJVBW4GKlacKoaLAgQIECAAAECBAjkReCrr76K448/Phtuu3btYuDAgVnbBgECBAgQIFC9AhK81Tu3uRlZqgacqgKn6sApUrXgVDU4VQ8WBAgQIECAAAECBPIg0Ldv33jvvfeyof7yl7+MlVdeOWvbIECAAAECBKpXQIK3euc2VyNLVYFnfGIhVQ0eMGBArgwMlgABAgQIECBAIJ8Czz77bKS1dovRuXPnOOmkk4pNrwQIECBAgECVC0jwVvkE52l455xzTqy44orZkNNTC6mKsCBAgAABAgQIECBQrQLTpk0r/Hpt6tSphSHW1NQUft3WokWLah2ycREgQIAAAQKzCEjwzgKiWbkCqTrwjE8upOrBqYqwIECAAAECBAgQIFCtAsOGDYt//vOf2fCOOuqo2GKLLbK2DQIECBAgQKD6BSR4q3+OczXCffbZJ1K14GKkKsKpmrAgQIAAAQIECBAgUG0CH330UZx55pnZsJZaaqm4+OKLs7YNAgQIECBAIB8CErz5mOdcjTJVC05Vg4uR1uZNVYUFAQIECBAgQIAAgWoSSOvsfvHFF9mQ+vfvH4sttljWtkGAAAECBAjkQ0CCNx/znKtRpmrBaf3dYqRqwv369Ss2vRIgQIAAAQIECBCoeIH7778//vjHP2bj2H777ePQQw/N2jYIECBAgACB/AhI8OZnrnM10vQ0Q6oeXIwrr7wyUnVhQYAAAQIECBAgQKDSBSZNmhTdu3fPhtGqVasYMmRI1rZBgAABAgQI5EtAgjdf852b0aaqwUOHDo1URThFqirctWvXSFWGBQECBAgQIECAAIFKFrjgggti9OjR2RBOO+20WGONNbK2DQIECBAgQCBfAhK8+ZrvXI02VQ9OVYSLkaoLpyrDggABAgQIECBAgEClCrz22mszFVJbddVVZyq0Vqnj0m8CBAgQIECg/gISvPW3c2YFCFx00UWRqgkXI1UZTtWGBQECBAgQIECAAIFKFOjWrVukJRqKMWjQoGjTpk2x6ZUAAQIECBDIoYAEbw4nPU9DXnzxxSNVEy5GqjLcs2fPYtMrAQIECBAgQIAAgYoR+N3vfhcPPvhg1t+f/exnscsuu2RtGwQIECBAgEA+BSR48znvuRp1qiacqgoX4w9/+EOkqsOCAAECBAgQIECAQKUIfP7559GrV6+su4ssskgMGDAga9sgQIAAAQIE8isgwZvfuc/VyFNV4VRduBip6vCMP20r7vdKgAABAgQIECBAoBwFTj/99Pj444+zrqVCa8suu2zWtkGAAAECBAjkV0CCN79zn6uRp6rCqbpwMVLV4fShWBAgQIAAAQIECBAod4Ennngirrnmmqybm2yySXTt2jVr2yBAgAABAgTyLSDBm+/5z9XoU4G1VVZZJRvzxRdfHKkKsSBAgAABAgQIECBQrgJTpkwpJHOnT59e6GLz5s1j6NCh0ayZr3LlOmf6RYAAAQIEGlvAp4LGFne/JhNI1YUHDx6c3T8t0ZCqEAsCBAgQIECAAAEC5SpwxRVXxKhRo7LuHXfccbHBBhtkbRsECBAgQIAAAQlefwO5EkhVhlO14WKkKsSpGrEgQIAAAQIECBAgUG4C77zzTvzyl7/MurXiiivGueeem7VtECBAgAABAgSSgASvv4PcCaRqw6nqcDFSNeJUlVgQIECAAAECBAgQKCeB9LTuhAkTsi5deeWVseCCC2ZtGwQIECBAgACBJCDB6+8gdwKp2vCMBdZSNeJUlVgQIECAAAECBAgQKBeB22+/Pe64446sO3vssUfsu+++WdsGAQIECBAgQKAoIMFblPCaK4FUdXjjjTfOxpyqEqfqxIIAAQIECBAgQIBAUwukp3bT07vFaNeuXVx99dXFplcCBAgQIECAwEwCEry6tdiKAABAAElEQVQzcWjkRSBVHR42bFikKsQpUlXilPRNVYoFAQIECBAgQIAAgaYU6NevX7z77rtZF/r27Rvt27fP2jYIECBAgAABAjMKSPDOqGE7VwKp+vCMT0ak6sSpSrEgQIAAAQIECBAg0FQCzz33XKS1douxzjrrRM+ePYtNrwQIECBAgACB2QQkeGcjsSNPAuecc06ssMIK2ZBTleJUrVgQIECAAAECBAgQaGyBWX9VVlNTE0OHDo2WLVs2dlfcjwABAgQIEKggAQneCposXS29wEILLRRXXXVVduFZ1zvL3rBBgAABAgQIECBAoIEFfvWrX8WTTz6Z3eXII4+MLbfcMmvbIECAAAECBAjMSUCCd04q9uVKIFUjTlWJi5GqFaeqxYIAAQIECBAgQIBAYwl8/PHHcfrpp2e3W3LJJeOSSy7J2jYIECBAgAABAnMTkOCdm4z9uRJIVYlTdeJipLV509O8ggABAgQIECBAgEBjCKR1dr/44ovsVpdddlksvvjiWdsGAQIECBAgQGBuAhK8c5OxP1cCqSpxqk5cjFS1OFUvFgQIECBAgAABAgQaWuCBBx6I3//+99lttt122zjssMOytg0CBAgQIECAwPcJSPB+n473ciWQnppYe+21szGn6sWjRo3K2jYIECBAgAABAgQIlFpg0qRJ0b179+yyrVq1KhRWy3bYIECAAAECBAjMQ0CCdx5A3s6PQKpOnKoUp2rFKaZMmRJdunSJVM1YECBAgAABAgQIEGgIgYsuuihee+217NKnnHJKrLnmmlnbBgECBAgQIEBgXgISvPMS8n6uBLbaaqtI1YqLkaoYp2rGggABAgQIECBAgECpBUaPHh0XXnhhdtlVVlkl+vTpk7VtECBAgAABAgRqIyDBWxslx+RKIFUrTlWLi5GqGaeqxoIAAQIECBAgQIBAKQW6desWaYmGYgwaNCjatGlTbHolQIAAAQIECNRKQIK3VkwOypNAqlacqhYXI1UzTuvzCgIECBAgQIAAAQKlEkhF1VJxtWIceOCBseuuuxabXgkQIECAAAECtRaQ4K01lQPzJJCqFqfqxcWY9QN4cb9XAgQIECBAgAABAnUVSA8Q9OrVKztt4YUXjgEDBmRtGwQIECBAgACBughI8NZFy7G5EhgyZEikKsbFSNWNZ/wJXXG/VwIECBAgQIAAAQJ1ETjjjDPio48+yk45//zzY7nllsvaNggQIECAAAECdRGQ4K2LlmNzJbDWWmtFqmJcjFTdOFU5FgQIECBAgAABAgTqK5CK+A4bNiw7/Yc//GGkBwkEAQIECBAgQKC+AhK89ZVzXi4EUhXjjh07ZmNNVY5TtWNBgAABAgQIECBAoK4CU6ZMia5du8b06dMLpzZv3ryQ7G3WzNeyulo6ngABAgQIEPifgE8S/7OwRWA2gVTFePDgwdn+tESDJywyDhsECBAgQIAAAQJ1ELjyyivjueeey87o0aNHbLjhhlnbBgECBAgQIECgPgISvPVRc06uBFI14wMOOCAb8/333x9/+MMfsrYNAgQIECBAgAABAvMSePfdd6Nfv37ZYSussEKce+65WdsGAQIECBAgQKC+AhK89ZVzXq4ErrjiikjVjYvRs2fPSNWPBQECBAgQIECAAIHaCBx//PExYcKE7ND0+XKhhRbK2jYIECBAgAABAvUVkOCtr5zzciWQqhqn6sbFSFWPU/VjQYAAAQIECBAgQGBeAnfccUfcdttt2WG777577LffflnbBgECBAgQIEBgfgQkeOdHz7m5Ekhr76Yqx8X41a9+Ff/85z+LTa8ECBAgQIAAAQIEZhNIT+0ed9xx2f62bdvG1VdfnbVtECBAgAABAgTmV0CCd34FnZ8bgVTdeNiwYZGqHaeYNm1adOnSJaZOnZobAwMlQIAAAQIECBCom8Avf/nLeOedd7KT+vbtGx06dMjaNggQIECAAAEC8ysgwTu/gs7PlUCqcnzsscdmY05VkFM1ZEGAAAECBAgQIEBgVoFRo0ZFWmu3GJ06dYpevXoVm14JECBAgAABAiURkOAtCaOL5EngvPPOi+WXXz4bcqqGnKoiCwIECBAgQIAAAQJFgenTp0fXrl1jypQphV01NTUxdOjQaNmyZfEQrwQIECBAgACBkghI8JaE0UXyJJCqHc/41O5XX30VqSqyIECAAAECBAgQIFAUuOaaa+KJJ54oNuOII46IrbfeOmvbIECAAAECBAiUSkCCt1SSrpMrgVT1OFU/Lkaqivy3v/2t2PRKgAABAgQIECCQY4GPP/44Tj/99ExgySWXjEsuuSRr2yBAgAABAgQIlFJAgreUmq6VK4FU/ThVQS5Gjx49IlVJFgQIECBAgAABAvkWSOvsfv755xnCpZdeGksssUTWtkGAAAECBAgQKKWABG8pNV0rVwKp+vFZZ52VjTlVRz777LOztg0CBAgQIECAAIH8CTz00EPxu9/9Lhv4NttsE4cffnjWtkGAAAECBAgQKLWABG+pRV0vVwInn3xypGrIxRgwYEA8//zzxaZXAgQIECBAgACBHAlMnjw5unXrlo04FVRLhdUEAQIECBAgQKAhBSR4G1LXtateoPihPVVFTpGqJKdqyalqsiBAgAABAgQIEMiXwEUXXRSvvvpqNuhTTjkl1lprraxtgwABAgQIECDQEAISvA2h6pq5EkjVkGf82d2IESMiVU0WBAgQIECAAAEC+RF4/fXX48ILL8wG3LFjx+jTp0/WtkGAAAECBAgQaCgBCd6GknXdXAmkwhmpOnIxUtXkVD1ZECBAgAABAgQI5EOge/fuMXHixGywsxbkzd6wQYAAAQIECBAosYAEb4lBXS6fAqkq8iWXXJINPlVNTuvzCgIECBAgQIAAgeoX+OMf/xj/+Mc/soHuv//+sdtuu2VtGwQIECBAgACBhhSQ4G1IXdfOlUBapiFVSS7GjTfeGKmKsiBAgAABAgQIEKhegS+//DJ69uyZDXDhhReOK664ImvbIECAAAECBAg0tIAEb0MLu35uBFKhtSFDhkQqvFaMVEU5VVMWBAgQIECAAAEC1SlwxhlnxJgxY7LBnXfeebH88stnbRsECBAgQIAAgYYWkOBtaGHXz5VAp06dIlVLLkaqonzxxRcXm14JECBAgAABAgSqSOCpp56KYcOGZSPaaKON4thjj83aNggQIECAAAECjSEgwdsYyu6RK4FULblDhw7ZmC+44IJIVZUFAQIECBAgQIBA9QhMnTo1unTpEtOmTSsMqlmzZoVkb3oVBAgQIECAAIHGFPDpozG13SsXAm3bto1BgwZlY03VlFNVZUGAAAECBAgQIFA9AldddVU8++yz2YDSk7vpCV5BgAABAgQIEGhsAQnexhZ3v1wIpKrJqXpyMVJV5VRdWRAgQIAAAQIECFS+wHvvvRd9+/bNBpLW3E1r7woCBAgQIECAQFMISPA2hbp75kIgVU9OVZSLkaorpyrLggABAgQIECBAoLIFjj/++Pjqq6+yQcz6uS97wwYBAgQIECBAoBEEJHgbAdkt8ikw65McqbrymWeemU8MoyZAgAABAgQIVInA3//+9/jrX/+ajeZHP/rRTL/cyt6wQYAAAQIECBBoJAEJ3kaCdpt8Csy6FtvQoUMjVVsWBAgQIECAAAEClSfw9ddfR48ePbKOz1p7IXvDBgECBAgQIECgEQUkeBsR263yJzBrNeVUZTlVW05VlwUBAgQIECBAgEBlCZx99tnx9ttvZ53u06dPdOzYMWvbIECAAAECBAg0hYAEb1Oou2euBFI15fQkbzFSteVUdVkQIECAAAECBAhUjsALL7wQl19+edbhtdZaK0455ZSsbYMAAQIECBAg0FQCErxNJe++uRJIVZXTmrzFSFWXU/VlQYAAAQIECBAgUP4C06dPj65du8aUKVOyzqalt1q2bJm1bRAgQIAAAQIEmkpAgrep5N03VwILL7xwpOrKxUhVl1P1ZUGAAAECBAgQIFD+Ar/+9a9j+PDhWUcPP/zw2GabbbK2DQIECBAgQIBAUwpI8DalvnvnSmD//fePVGW5GKn6cqrCLAgQIECAAAECBMpX4JNPPonTTjst6+ASSywRl156ada2QYAAAQIECBBoagEJ3qaeAffPlcCgQYMiVVsuRqrCnKoxCwIECBAgQIAAgfIUOPnkk+Ozzz7LOnfJJZfEkksumbVtECBAgAABAgSaWkCCt6lnwP1zJZCqLKdqy8VIVZhTNWZBgAABAgQIECBQfgIPP/xw3HDDDVnHtt566zjiiCOytg0CBAgQIECAQDkISPCWwyzoQ64EUrXlVHW5GKkac6rKLAgQIECAAAECBMpHYPLkydGtW7esQ6mg2pAhQ6KmpibbZ4MAAQIECBAgUA4CErzlMAv6kCuB9OUgVV0uRqrGnKoyp+rMggABAgQIECBAoDwE0lIMr7zyStaZXr16xdprr521bRAgQIAAAQIEykVAgrdcZkI/ciWQqi6n6svFSFWZU3VmQYAAAQIECBAg0PQCb7zxRpx//vlZRzp06BB9+/bN2jYIECBAgAABAuUkIMFbTrOhL7kSSNWXUxXmYqTqzKlKsyBAgAABAgQIEGhage7du8fEiROzTlx99dUzFcrN3rBBgAABAgQIECgDAQneMpgEXcinQKq+nH76V4xUnTlVaRYECBAgQIAAAQJNJ3DTTTfFfffdl3Vgv/32i9133z1r2yBAgAABAgQIlJuABG+5zYj+5EogVWHeaqutsjGnKs2pWrMgQIAAAQIECBBofIEvv/wyTjrppOzGCy20UFxxxRVZ2wYBAgQIECBAoBwFJHjLcVb0KTcCqQpzKriWCq8VI1VrTlWbBQECBAgQIECAQOMK9O7dOz788MPspueee26ssMIKWdsGAQIECBAgQKAcBSR4y3FW9ClXAqkac6rKXIxUrXnGpRuK+70SIECAAAECBAg0nMC//vWvGDJkSHaDDTfcMHr06JG1bRAgQIAAAQIEylVAgrdcZ0a/ciVw1llnRfv27bMxp6rNqXqzIECAAAECBAgQaHiBqVOnRpcuXWLatGmFmzVr1qzwK6vmzZs3/M3dgQABAgQIECAwnwISvPMJ6HQCpRBo165dDBo0KLtUqtqcqjcLAgQIECBAgACBhhcYOHBgPPPMM9mN0pJZG2+8cda2QYAAAQIECBAoZwEJ3nKeHX3LlUCqzvzTn/40G3Oq3pyqOAsCBAgQIECAAIGGE3j//fejb9++2Q2WW265uOCCC7K2DQIECBAgQIBAuQtI8Jb7DOlfrgSuvPLKSNWai5GqOKdqzoIAAQIECBAgQKBhBE444YQYP358dvEBAwbEwgsvnLVtECBAgAABAgTKXUCCt9xnSP9yJZCqNKdqzcVIVZxTNWdBgAABAgQIECBQeoE777wz/vznP2cX3nXXXePAAw/M2jYIECBAgAABApUgIMFbCbOkj7kSSNWaU9XmYqRqzqmqsyBAgAABAgQIECidwNdffx3pc1cx2rRpM1NNhOJ+rwQIECBAgACBcheQ4C33GdK/3Amkas1Dhw6NVL05Rarm3LVr10jVnQUBAgQIECBAgEBpBNKvpt56663sYn369IlVVlkla9sgQIAAAQIECFSKgARvpcyUfuZKIFVtTtWbi/Hvf/87rr766mLTKwECBAgQIECAwHwIvPjii9G/f//sCmuuuWaccsopWdsGAQIECBAgQKCSBCR4K2m29DVXAueff36kKs7FOOussyJVeRYECBAgQIAAAQL1F5g+fXrh11HffvttdpG0JFarVq2ytg0CBAgQIECAQCUJSPBW0mzpa64EFllkkUhVnIuRqjunKs+CAAECBAgQIECg/gK/+c1v4vHHH88ucNhhh8V2222XtW0QIECAAAECBCpNQIK30mZMf3MlkKo4p2rOxUhVnu+6665i0ysBAgQIECBAgEAdBMaOHRunnXZadsbiiy8el156ada2QYAAAQIECBCoRAEJ3kqcNX3OlcCgQYMiVXUuxrHHHhup6rMgQIAAAQIECBCom0BaZ/fTTz/NTrrkkktiqaWWyto2CBAgQIAAAQKVKCDBW4mzps+5EkjVnHv37p2NOVV7TlWfBQECBAgQIECAQO0FHnnkkbj++uuzE7bccss48sgjs7YNAgQIECBAgEClCkjwVurM6XeuBE499dRI1Z2Lkao+p+rPggABAgQIECBAYN4CkydPjm7dumUHtmzZMoYOHRo1NTXZPhsECBAgQIAAgUoVkOCt1JnT71wJpKrOqbpzMVLV565du0aqAi0IECBAgAABAgS+XyCts/vyyy9nB/Xs2TPWWWedrG2DAAECBAgQIFDJAhK8lTx7+p4rgVTd+Re/+EU25lT9+brrrsvaNggQIECAAAECBGYX+M9//hPnn39+9kb79u2jb9++WdsGAQIECBAgQKDSBSR4K30G9T9XApdddlmkas/FSEs3pGrQggABAgQIECBAYM4CqUDtN998k705cODAaNeuXda2QYAAAQIECBCodAEJ3kqfQf3PlUCq8nzxxRdnY05VoFM1aEGAAAECBAgQIDC7wM033xz33HNP9sa+++4bP/7xj7O2DQIECBAgQIBANQhI8FbDLBpDrgT+7//+L1LV52KkatCPPvposemVAAECBAgQIEDgO4Fx48bFiSeemFksuOCCceWVV2ZtGwQIECBAgACBahGQ4K2WmTSO3Aikas+p6nOLFi2yMaeCa6k6tCBAgAABAgQIEPj/Ar17944PP/ww4zj33HNjxRVXzNo2CBAgQIAAAQLVIiDBWy0zaRy5EkhVn1P152KkqtBpfV5BgAABAgQIECAQMXLkyBg8eHBGscEGG8Rxxx2XtW0QIECAAAECBKpJQIK3mmbTWHIl0K9fv1h55ZWzMZ933nmRqkQLAgQIECBAgECeBaZOnRrp103Tpk0rMDRr1qzw66fmzZvnmcXYCRAgQIAAgSoWkOCt4sk1tOoWSNWfr7766myQqTp0qhItCBAgQIAAAQJ5Fhg0aFA8/fTTGUFK9m6yySZZ2wYBAgQIECBAoNoEJHirbUaNJ1cCqQp0qgZdjFQlOlWLFgQIECBAgACBPAp88MEH0adPn2zoyy67bFxwwQVZ2wYBAgQIECBAoBoFJHircVaNKVcCqRp0qgpdjJNOOqlQNbrY9kqAAAECBAgQyIvACSecEOPHj8+GO2DAgFhkkUWytg0CBAgQIECAQDUKSPBW46waU64EUjXoc845JxvzrE+uZG/YIECAAAECBAhUscDdd98dt956azbCnXfeOX72s59lbRsECBAgQIAAgWoVkOCt1pk1rlwJHH/88bH++utnY05rz6Xq0YIAAQIECBAgkAeBWWsRtGnTJgYPHpyHoRsjAQIECBAgQCAkeP0REKgCgVQVetiwYZGqRKdIVaNTQZFURVoQIECAAAECBKpd4Nxzz40333wzG+aZZ54Zq666ata2QYAAAQIECBCoZgEJ3mqeXWPLlUCqDp2SusVI1aPTk7yCAAECBAgQIFDNAi+99FJcdtll2RDXWGONOO2007K2DQIECBAgQIBAtQtI8Fb7DBtfrgRSlehULboYZ511VqQ1eQUBAgQIECBAoBoFpk+fXvgH7m+//TYb3pAhQ6JVq1ZZ2wYBAgQIECBAoNoFJHirfYaNL1cCqUp0qhZdjHHjxsWJJ55YbHolQIAAAQIECFSVwPXXXx+PPfZYNqZDDz00tt9++6xtgwABAgQIECCQBwEJ3jzMsjHmSiBVi05Vo4txyy23RKoqLQgQIECAAAEC1STw6aefximnnJINabHFFov+/ftnbRsECBAgQIAAgbwISPDmZaaNM1cCqWp0qh5djGOPPTZSdWlBgAABAgQIEKgWgZTcTUneYlx88cWx1FJLFZteCRAgQIAAAQK5EZDgzc1UG2ieBFLV6FQ9uhipqnSqLi0IECBAgAABAtUgkJZlSMszFGOLLbaIo446qtj0SoAAAQIECBDIlYAEb66m22DzJJCqR6cq0sVI1aVTlWlBgAABAgQIEKhkgVRQrWvXrpEKrKVo0aJFDB06NGpqaip5WPpOgAABAgQIEKi3gARvvemcSKC8BVL16FRFuhjpy1C3bt2yL0PF/V4JECBAgAABApUkMOs/Wp900knRuXPnShqCvhIgQIAAAQIESiogwVtSThcjUF4CqYp0qiZdjEcffXSmnzMW93slQIAAAQIECFSCwKzLTq288srRr1+/Sui6PhIgQIAAAQIEGkxAgrfBaF2YQHkIpGrSqap0MWYtSFLc75UAAQIECBAgUO4CsxaOHThwYCywwALl3m39I0CAAAECBAg0qIAEb4PyujiBphdI1aRTVelipGrTKckrCBAgQIAAAQKVJHDrrbfG3XffnXV57733jj333DNr2yBAgAABAgQI5FVAgjevM2/cuRJIVaVTdelipKrTqfq0IECAAAECBAhUgsD48ePjhBNOyLq64IILxlVXXZW1bRAgQIAAAQIE8iwgwZvn2Tf23AikqtKpunSqMp0iVZ1O1adT4TVBgAABAgQIECh3gT59+sQHH3yQdfPss8+OlVZaKWvbIECAAAECBAjkWUCCN8+zb+y5EkjVpVOV6WK89NJLkapQCwIECBAgQIBAOQs8/fTTMWjQoKyL66233kxP82Zv2CBAgAABAgQI5FSg5rsn+abndOwVN+z99tsv/vznPxf6vcMOO8QDDzxQcWPQ4aYVmDBhQnTq1CneeeedQkfatm0bL774YnTo0KFpO+buBAgQIECAAIE5CEybNi023XTTGDlyZOHdZs2axYgRIwr75nC4XQQIECDwX4GPPvoo3nrrrRgzZkyMHTs2vvzyy5g0aVJMnjy58MvOVq1aRVruZokllohUt2XllVcu/DKiZcuWDAkQqECB//977QrsuC4TIFB3gVRl+uqrr4699tqrcPI333wTqRr1XXfdVfeLOYMAAQIECBAg0MACgwcPzpK76VbHHHOM5G4Dm7s8AQKVJZCe2Uu/zhw+fHg89dRT8fzzz8cLL7wQX3/9dZ0Hkv4RbdVVV4111103Ntxww0Idl0022STSg0GCAIHyFvAEb3nPz0y98wTvTBwa8yGwzz77xG233ZZd4ZZbbon09yUIECBAgAABAuUi8OGHH8aaa64Z48aNK3RpmWWWiVdeeSUWXXTRcumifhAgQKBJBL766qv4+9//HnfeeWfcc889hSd0G6oj6UnfbbbZJnbbbbfYd999o3379g11K9clQGA+BKzBOx94TiVQqQKp6nT6OU4xUlXqVJ1aECBAgAABAgTKReDEE0/MkrupT5dffrnkbrlMjn4QINDoAmnJmrvvvjv233//wpIKP//5z+N3v/tdgyZ30yDTkg73339/9OrVq7C0X1o2J62L/sUXXzS6gRsSIDB3AQneudt4h0DVCqSq06n6dDFSVepUnVoQIECAAAECBMpBID2RdvPNN2dd2WmnneKggw7K2jYIECCQF4H0K4ZUHDs9Obv77rvHrbfeGhMnTmyy4adlIHr06BHLLbdcHH300fHyyy83WV/cmACB/wlI8P7PwhaBXAmkp3ZTFepipH+F/fe//11seiVAgAABAgQINIlAsUZA8eatW7eOtBavIECAQJ4E0hOyZ511VqywwgpxyimnxLvvvltWw09J5muvvbZQxDstAThq1Kiy6p/OEMibgARv3mbceAn8V6B58+YxbNiwSAvpp5g6dWp06dIl0k9/BAECBAgQIECgqQTOP//8+M9//pPd/owzzojVVlsta9sgQIBANQuk72VXXnll4Ynd8847L9J6u+Ueqb5Lenjo0EMPjTFjxpR7d/WPQFUKSPBW5bQaFIHaCaT1k1I16mKMHDnSEzJFDK8ECBAgQIDA/2PvTuCtnvb/j39KA0lRyVTInBI3RDIWZbguJWS85kZRQqWiWSppLtMlc2Tuj8g1i1DKUBGSyFBKw23e/+/7m7V++0x1zuns8fv6PB7Z3/m71nOnc/Znr+/6JF1Aj/oOHjzY3/eggw6yrl27+nUWEEAAgWwW+OCDD+zII480zUG+fPnyjOuq5gQ++OCDbeTIkeEAoozrAA1GIIMFSPBm8JtH0xEoCYGBAweaqlK7uO2220xVqwkEEEAAAQQQQCDZAm3btg0L+rj7jh071jRFA4EAAghks4Dm2b3mmmusUaNG9vnnn2d0V9WXjh072tFHH20zZszI6L7QeAQySYAEbya9W7QVgQQI7LzzzmFVandp/UDWN8YEAggggAACCCCQTIGHHnrI3n77bX/LSy+91Bo3buzXWUAAAQSyUUBJ0Pr169sDDzyQVd1Tv4499lhTrRcCAQQSL0CCN/HG3AGBtBdQVWpVp3ahqtWvvfaaW+UVAQQQQAABBBBIqMDSpUvDIkLuJrvssosNHTrUrfKKAAIIZKWACkgqCTp//vys7N+6deusQ4cOdv7552fklBNZ+abQqawVIMGbtW8tHUOgaAL65SL+Ech27dqZKqMSCCCAAAIIIIBAogVuueUW++OPP/xtNIVU9erV/ToLCCCAQDYJKPF5ySWXWPv27XNMS5NNfYzvyzPPPBOOUp43b178ZpYRQKAEBUjwliAml0IgkwVUnVpVql2oerWqthIIIIAAAggggEAiBd577z178MEH/S0aNmyYowis38ECAgggkAUCK1assDPPPNMef/zxLOhN4bugz5eaY1iFvQkEECh5ARK8JW/KFRHIWAFVqVa1aheqYq1q1gQCCCCAAAIIIJAIgfXr11ubNm0sFouFly9TpoyNGzfOSpUqlYjbcU0EEEAgpQK//fabnXLKKTZ16tSUtiNVN9eTGieffLK9/vrrqWoC90UgawVI8GbtW0vHECi6gKZo0FQNLvTokKpZEwgggAACCCCAQCIENM/ul19+6S+tQq/16tXz6ywggAAC2SKwePHicATrp59+mi1dKlY/Vq1aFY5gfuGFF4p1PichgED+AiR483dhKwKRFWjSpEk4H5QDUDXrhx9+2K3yigACCCCAAAIIlIjADz/8YH379vXX2nvvve2OO+7w6ywggAAC2SKwfPlyO/300+3bb7/Nli5tUz82bNhgF154ob3zzjvbdB1ORgCB/xMgwft/FiwhgMDfAnfffbeperWLLl26mKpbEwgggAACCCCAQEkJqLL66tWr/eVGjBhhO+64o19nAQEEEMgGgbVr19o555xjn3/+eTZ0p8T6IJezzz7bZs2aVWLX5EIIRFmABG+U3336jkABAqparerVLjRXkqpbEwgggAACCCCAQEkITJo0ySZPnuwvpeSH/hAIIIBANglofvGLL77Y9FQkkVfgr7/+smbNmtmCBQvy7mQLAggUSYAEb5G4OBiB6Ahcd911duyxx/oOq7q1qlwTCCCAAAIIIIDAtgiogvwNN9zgL6FRuxq9SyCAAALZJqBBM88++2y2datE+6O5iVu2bGmq/0IggEDxBUjwFt+OMxHIagFVrx4/frypmrVC3z6ryrWqXRMIIIAAAggggEBxBXr27GmLFi3yp/fu3ds0/y6BAAIIZJPAu+++a/r3jti6wCeffMITo1tn4ggEtihAgneLPOxEINoCqmIdP8JGVa41Py+BAAIIIIAAAggUR2DGjBk2atQof2ru3zX8DhYQQACBDBbQFHetWrWyTZs2ZXAvktv04cOH2/PPP5/cm3I3BLJIgARvFr2ZdAWBRAhoVE3NmjX9pfv06WOqek0ggAACCCCAAAJFEVCio3Xr1rZx48bwtNxPCxXlWhyLAAIIpLPAVVddZT///HM6NzEt23bFFVfYL7/8kpZto1EIpLsACd50f4doHwIpFtC8eCNHjvStULVrVb0mEEAAAQQQQACBogiMHTvWpk+f7k/JPd+/38ECAgggkMECGoX60ksvZXAPUtf05cuXW+fOnVPXAO6MQAYLkODN4DePpiOQLIHcla1V9VrVrwkEEEAAAQQQQKAwAiqic9ttt/lDq1evbio+RCCAAALZJKDBMB07dsymLiW9L08++aRNnTo16fflhghkugAJ3kx/B2k/AkkSUHVrjeZ1obl5VQWbQAABBBBAAAEEtiZw4403mkZmudCc/rvssotb5RUBBBDICoG+ffvawoULs6IvqexE+/btbd26dalsAvdGIOMESPBm3FtGgxFIjYCqW99xxx3+5qp+3atXL7/OAgIIIIAAAgggkJ/AlClT7KmnnvK7mjRpYpdccolfZwEBBBDIBoH58+fbkCFDsqErKe/D3LlzTQOMCAQQKLwACd7CW3EkApEX0OgbVbt2obl5VQ2bQAABBBBAAAEE8hNYs2aNtWvXzu8qX768jRkzxq+zgAACCGSLgIpRb9iwIVu6k/J+3HnnnbZy5cqUt4MGIJApAiR4M+Wdop0IpIFAmTJlbNy4caaq1wpVwVY1bFXFJhBAAAEEEEAAgdwC/fv3N41qc9G1a1c76KCD3CqvCCCAQFYIfPvtt/boo49mRV/SpRNLliyxUaNGpUtzaAcCaS9Agjft3yIaiEB6CTRs2NBU9dqFqmGrKjaBAAIIIIAAAgjEC8yZM8fuuusuv+nAAw+0bt26+XUWEEAAgWwR0LziDHop+Xdz+PDhzMVb8qxcMUsFSPBm6RtLtxBIpICqXqv6tQtVxVZ1bAIBBBBAAAEEEHACbdu2zfHBXFMzaIoGAgEEEMgmgT///NP+85//ZFOX0qYv+oz55JNPpk17aAgC6SxAgjed3x3ahkCaCqjq9dChQ33rVBW7U6dOfp0FBBBAAAEEEIi2wIQJE+ytt97yCBdffLGdeuqpfp0FBBBAIFsEHnnkEdN840RiBMaPH5+YC3NVBLJMgARvlr2hdAeBZAlceuml1rhxY387fbOqKtkEAggggAACCERbYOnSpdalSxePsPPOO5seXyYQQACBbBS4//77s7FbadOnDz74wL7++uu0aQ8NQSBdBUjwpus7Q7sQyAABzb0b/6ilqmTz7XUGvHE0EQEEEEAAgQQK3Hrrrfb777/7O2hqp912282vs4AAAghki8CXX35ps2fPzpbupG0/nnjiibRtGw1DIF0ESPCmyztBOxDIQAFVwVY1bBeqkj1gwAC3yisCCCCAAAIIREzg/ffftwceeMD3+phjjslRnNXvYAEBBBDIAoGJEydmQS/Svws4p/97RAtTL0CCN/XvAS1AIKMFVA1bVbFdDBo0yFQ1m0AAAQQQQACBaAls2LDB2rRpY7FYLOz4dtttZ5o7sXRpPnJE628CvUUgOgIvvvhidDqbwp7OnTvXvvnmmxS2gFsjkP4C/LaV/u8RLUQgrQU0RYOqYrtYt26dqWo2gQACCCCAAALREtA8u1988YXv9A033GCHH364X2cBAQQQyCaBxYsX28yZM7OpS2ndl1deeSWt20fjEEi1AAneVL8D3B+BLBBQVWxVx3ahqtmqnk0ggAACCCCAQDQEFixYYL179/adrVmzZo51v4MFBBBAIEsE3nzzzSzpSWZ0Y+rUqZnRUFqJQIoESPCmCJ7bIpBtAhq1oyrZLlQ9W1W0CQQQQAABBBDIfoEOHTrY6tWrfUdHjBhhFStW9OssIIAAAtkmoDnHieQJ4J08a+6UmQIkeDPzfaPVCKSdgKpjq0q2C1XPVhVtAgEEEEAAAQSyW+C5556zl19+2Xfy7LPPtnPPPdevs4AAAghko8C0adOysVtp26clS5bYt99+m7bto2EIpFqgTKobwP0RQCB7BK677jp76KGH7KOPPgo7pSraV155pR133HHZ00l6ggACCCCAAAJeYOXKldaxY0e/vuOOO9qoUaP8OgsIIIBANgqoqGT8nOPZ2Md07NPnn39uBxxwQNo0TfVnvvrqK1O79GfNmjW27777Wt26da1Zs2amYqMFxRtvvGHLly+3I444wvbff/+CDmN7EQQWLlxoH3/8sVWoUMHOOOOMIpyZHYeS4M2O95FeIJAWAqqSrWrZRx55pG3cuDGsoq1q2p999pmVKcM/N2nxJtEIBBBAAAEESlCgV69e9tNPP/kr3n777bb33nv7dRYQQACBbBT45ptvTMk9IrkCs2fPtvPOOy+5Ny3gbnp6RQOc/vjjj3yP0M/CTp06mQqOlipVKs8x2qcvCUaOHGma5ojYdoH33nsvrA1Uo0YNU7I3asEUDVF7x+kvAgkWULVs/RBzoR/Cmp+XQAABBBBAAIHsElD1eM216+Kwww4LP8y6dV4RQACBbBVgqoDUvLPz589PzY3j7vrXX3/Zv//9b2vRokWY3N1ll13C0bqanlBfcl5yySW200472Y8//hj+TNSURStWrIi7AosIJEaABG9iXLkqApEWUBVtVc92oXVV1yYQQAABBBBAIDsENm3aZK1btw6f2FGPNDpp3LhxPLGTHW8vvUAAga0I/PDDD1s5gt2JEPj+++8TcdkiXVM/+yZMmBCec9VVV9l3331nr776qt155512xx132KOPPho+2aJ9ihdffNFatWoVLvMfBBIpQII3kbpcG4GICqhqdvyIHlXV5rGTiP5loNsIIIAAAlkpoCmZNM+di2uuuYY59x0GrwggkPUCixYtyvo+pmMHU+3+1ltv2ZNPPhnSDBs2zFRzZuedd85DValSJbv33nv9PLD/7//9P7v//vvzHMcGBEpSgEkxS1KTayGAgBfQoyiqov3SSy+F21RdW/MUNW/e3B/DAgIIIIAAAghknsDixYutW7duvuG77rqrDRo0yK+zgAACCGS7QEHzrmZ7v1Pdv1S6q7CeG7RUr149u/7667fIoQJrTz31lDVq1Mg0bWHfvn3t6quvznc+3lgsZh9++GH4R4XajjnmmPCPpnooKJYuXWqvvPKKaboQnX/ooYeapkqqXbt2QaeE21XYTV/QqiicCqVqisUGDRrYXnvtlee8X3/9NTyuevXqYTG4d9991/773/+GbWvYsKFNmzYtPOfoo482TVWRX/zyyy9h/1WTp3HjxnkO0TzEM2bMsK+//jp8ClhF53S9LdXwWbt2rb3wwgv25ZdfhtNhnHDCCXbUUUfluXbUNpDgjdo7Tn8RSKKAJox/8803bdWqVeFdVWX7tNNOM43wJRBAAAEEEEAgMwU6d+4cVv52rR86dGiBH+zcMbwigAAC2STw559/ZlN3MqYvSkgq0bql5F+iOjN9+vQwoajr60tNJXC3FkrQ3njjjWFiV3PyfvDBB2HCN/48fVa+4IIL7JlnnonfbHvuuWeYID7++ONzbNfK6NGjTXP+us/Z8QdcfvnlYeE2jSLOHc8//7xde+21eQrDlStXzvr162c33XSTqXC6i7ffftsuvPBC0+CtY4891rp27ep22ZlnnmlfffWVabqS/v37W/fu3f2++AVN16infs4666wcCV79P6SC7BMnTow/PFxWgldTXRx00EF59ikxffrpp5u+bI6Ppk2bRn4w2f+9c/EyLCOAAAIlILDPPvuEE827S6nKtqptEwgggAACCCCQmQKvv/66PfHEE77xp5xyil122WV+nQUEEEAgCgIaZUmkRiBV9vPmzfMdLspo0X/84x/+PM3VmztUmE3JXSV5NbfvqFGj7Mgjj7Sff/7Z9DN26tSpOU6ZPHlyOHpYDhpFrCkjdN6ll14ajmbVsorA5Y7hw4eHCVCNglayVVNIPP7449a+fXvTvPq33HJLmPzNfZ7WNbq2R48eYVK7Tp064avae8UVV4SHP/bYY+Fr7v9opK1L4F555ZV+twrVyUX7qlSpEs5dLIMhQ4aE25VMr1+/vs2ZM8efo4UlS5aEyWYldzVaWcXc1V+1Y8qUKaYvoCMdwVBuIkMEzjvvvFjwlzX8Ewxtz5BW08yoC6xfvz4W/OPr/+4G33TGgkcwos5C/xFAAAEEEMg4gf/973+xAw44wP9MD0b8xIIPXxnXDxqMAAIIbKvAqaee6v8tdJ/Red2cq0i0Q5Dk29a3r1jnB1MThe95MCq3SOcHSc6Yfl7KJUhE+nPr1q3r/w4FiU2/XQtB8jYWjFIN9wejWXPsu+iii8Ltwdz3ObZrJSh2Gu4LRjjHgukV/P4gWRwLnqIN9w0cONBvdwvvvPNOrHz58rGgYGosGGXsNseCKSbCc9T2WrVqxYLEarhP74F+JwiK3oXnaP9nn33mz3MLkyZNCs+vWrVqTA4ugpHC4fZgQFgsmMLBbQ5f1fdgWsdwf7NmzXLsc//fnXjiibFg9HKOfY888ohva40aNXLsi8oKI3iDv4kEAggkTkCPz6iqtqprKzZu3Bg+iqFvCQkEEEAAAQQQyByB4ENhONefa7EeDz344IPdKq8IIIBAZATcZ5vIdDiNOpoqezeCN0h0FklD0x9oflyFRuXmDs3nm3vkaZBsNU1/pL5qNKuKu7lw18ivuJvm+FXht9dee80qVKjgTrEBAwaE8+1qZLB+ducOzWGrqRuCRGg4mjb3fq0PHjzYdtttt3CXRt1uv/32tu+++4ajjLVRUyrkjiDpGm66+OKLTQ4KzcnrCrJrSsfdd9893O7+o76PGTMmnIZD/dDcxAqN2n3jjTfCZU2REd8/bdQI5vymswhPiMh/SPBG5I2mmwikUuC4444zVdd28dFHH4Xz8Lh1XhFAAAEEEEAgvQXmzp2bo5BaMJK3wPn20rsntA4BBBDYdgGXrNr2K3GFogqkyn716tVhU8uWLVvUJlvwVGt4jpKiueOSSy7xg6Hi9ykprOkQFDNnzvS7mjRpEi5rOgPNj6tC5pryQKHBVVdddVU412183ZtPP/003K+5awtKkLvrao7b/CJ+qon4/bqfQtM3aTCXC02noOkkFPHTM6jgnDzU1mBErjs8x6uSvq7vrj3uVXMTaz7g/CLqU0aR4M3vbwXbEECgxAX0LZuqbLvQJOyqykkggAACCCCAQPoLtGvXzjSXnguNrsnvg6rbzysCCCCQzQI77LBDNncvrfuWqp89wWP/ocs333xTJB+Niv3uu+/Cc/baa688525pRPDee+8dHu9GD2tFhcs1N69Cc9i2aNHCgikQ7OSTTw5H2S5cuDDcF/8f12aNnNUo3Pz+uEStPqO7hLG7hpLaqq+TX+j+lStXDkfmqsC6i2B6hzCRe/jhh4fz6rrtri16olcjgPNri7Zp3l+FO94leGvWrOkulee1oDbmOTBLN5DgzdI3lm4hkG4Cu+yyS/iYiWvXsmXLrFOnTm6VVwQQQAABBBBIUwE9dhn/oS2Y/89OO+20NG0tzUIAAQQSL6CEGpF8ASUSg5ouyb9xcEc3JZGSn5ouoLCxaNEiC+arDQ/ff//985ym6Q4KCjcNw8qVK/0hMtDUBcOGDQuLsWlE7oYNG+ztt98OC6Xtt99+4T53wrp160yF1RRKqurL2vz+aJ+urT+5+6fP8gW568sOjSRWxBdbc9MzxI/e1THyUKjd+bXDbdN11ZY///wzPF4F2xVqS0FRvXr1gnZFYjsJ3ki8zXQSgfQQ0CMT7ttGtUiPcbh5dNKjhbQCAQQQQAABBOIF9MEqKIbiN+nDlqpWEwgggECUBapVqxbl7qes7/FPhCa7ES1btvTTG2h0amHDJTqV0DzvvPPynLZ06dI829wGlwxV0jY+NKL2xhtvtE8++SQcOTthwgTTPLeVKlUKk72a01eftRWa0sIlPvX0jQZabe3PQQcdFH+7rS670b/PPvtsmMzWqNtp06aZ2qkpKOLDjcDV6OSttUP7H3zwwfD0oHB7+OpM4q/pln///Xe3GMlXEryRfNvpNAKpExg7dqyfYF2taNu2bY5HPlPXMu6MAAIIIIAAArkFunbtar/99pvfrEItuQui+J0sIIAAAhERcEmqiHQ3bbqZSnc9/n/SSSeFFrfffnuOn40FAWkkrAqUKlQAbN9gSoLc4aYgyL1dI2rdPs1770Jz277//vv+M7SmM9BAKo2e/eGHH3wy9+WXX3anmEvYurl4/Y64BSVHNQ3C8uXL47YWbvGYY46x2rVr24oVK2zKlCnmEuBnn3225f4yxLXl+++/96Nz87vLjBkzbMGCBWHCWvuPOuqo8DCdp1HJ+YWbCiO/fVHYRoI3Cu8yfUQgjQT0aEt85c5vv/02rOqZRk2kKQgggAACCCAQCKhy9X333ectGjRoYG3atPHrLCCAAAJRFcgvURdVi2T2O9Xuo0aNsvLly4dJUCVVlWwtKLRPxyjpqZGsmlIhv3jyySdzFCdzxyhJ+vPPP4fz3bvEskb76ktWJYvvvfded6h/1fQFbgolVxROO0888cTwGI0mjv/S1p2oeYJbtWplRxxxhGnO3Phiae6Yrb3Gj+J9+umnw8NzT8+gjSrWttNOO4X7hw4dGr7m/o+mmzjyyCPDhPjDDz8c7q5bt25or+kqHnjggdynmPowfvz4PNujtIEEb5TebfqKQJoIqMBa/LeQKsAWP3F8mjSTZiCAAAIIIBBZAc3n17p16/ADkxA09964ceOsdGk+PkT2LwUdRwABL+BGIfoNLCRFINXuderUCQuZqbMaqVqvXj17/vnncxQl0wjY5557LtznpiPs169fmLDMD2n27NmmRKgSlC400tZNj6S6NW7ksubrbdKkSXiYRgbnHrE6f/58c8nVc845x13O9DTOHnvsEY6YVSI3fo5djRTW1Eturn0VcStovl1/wXwWlMwuU6aMPfPMMzZr1qwwEX366afnOVJ96NWrV7h98ODB5qawcAeqbUoWy0NTS7gpHpQkl6OiZ8+e9u6777pTwrmFlWOYOXOm3xbJhQCNyBCBYL4W/R8f/mncuHGGtJpmIpC/QPAD0f991t9r/k7n78RWBBBAAAEEUiFw11135fg5Hcz1l4pmcE8EEEAgLQWCpFisYsWKOf6ddJ/Ved2cs0iEw+TJk9Pi70Mw6jYWFAHz738wv24sGMAUC4qoxbTs+q5j/vOf/+Tb5mBEanhcMBo3fA2SuLEgSRpr1qxZLBglHG47+uijY0FRtxznz507NxYUX/P3OPTQQ2PXXXddrHnz5r5NQRI4z3kvvfSS/zur84PpE2KXXnppLJjX2F9LOafgC15/v2AUcbgvSLT6bVta0DVd37t06VLgocEUC7FgpLE/NhjVGwuSurHjjjsuFnyRHG6vUKFCLJiKIs81rr766nB/kPCNqZ86L5geItx2wgknhK81atTIc14UNigrTmSIAAneDHmjaGahBYJvD8N/gN0PgeDbu0Kfy4EIIIAAAgggkBiBYM672I477uh/RuuDUvCIaWJuxlURQACBDBVo1KiR/3fSfZ7hNXHJXdn+9NNPafO3JZgLNhaMss2RbHXvf9WqVWPByNtYMIduge11Cd5glG8smN8+Fkxb4P8+6Wewvlhdu3ZtvucHI1Vj//znP/3x7r7B9A2xm2++OUeSNv4CarMSyEqOunP0qgRuMJo2z/2KmuANRi7763755Zfxt86zrC9JRo8eHVOb49ui5bPOOiv22Wef5TlHG5Qcvv76630yW8crGax+T58+PbxWVBO8pQQUgBAZIKCqjZMmTQpbGox2tKlTp2ZAq2kiAgUL6PGLQw45xE/krkcw5syZY5o7iEAAAQQQQACB1Ajosc4XX3zR31y/f7Zo0cKvs4AAAgggYHbLLbf4x/XxSLzA3nvvHRbdSvydinYHzVe7aNEiC5Kn4bQCmic4SDCG0xUU5Uq6jqY20PQImgqiMNMkLFu2LDTRfL8qcqZpGAoT69evD6dI1Hy8Kh4nW02vkKpQgbevvvrKglHxtt9++xUqHxCMbLavv/46dNLcwalsf6rcct+XBG9ukTReJ8Gbxm8OTSu2wJgxY6x9+/b+/ODxkshPju4xWEAAAQQQQCDJAppLMHjM0981GCFkwWOdfp0FBBBAAIHNAi+88IKde+65cCRJ4KKLLrLHH388SXfjNghkngBVEjLvPaPFCGSVgKpxqyq3C1XrVtVuAgEEEEAAAQSSK7Bq1SpTcRUXwSOPporhBAIIIIBAXoGTTz65UKMs857JluIIBHO2Fuc0zkEgMgIkeCPzVtNRBNJTQNW4VZXbPYKiWWOU9FX1bgIBBBBAAAEEkidw++2328KFC/0Nta5HNwkEEEAAgbwClStXtqAoVN4dbEmIwOmnn56Q63JRBLJFgARvtryT9AOBDBYIqmZaMFG674HmHrrnnnv8OgsIIIAAAgggkFiBzz//3IYPH+5vEhR/saBAjF9nAQEEEEAgrwBTNOQ1ScQWPfFZ2PllE3F/rolAJgiQ4M2Ed4k2IhABgb59+4aT0buu3nHHHfbjjz+6VV4RQAABBBBAIEECuZ+eKVWqVPh0TVBlO0F35LIIIIBAdgicf/752dGRNO/FhRdemOYtpHkIpF6ABG/q3wNagAACgYAqZsaPHNI8gPGjekFCAAEEEEAAgcQIjB8/3qZNm+YvfvXVV1ujRo38OgsIIIAAAvkL1KxZ00466aT8d7K1RAQ0pV+rVq1K5FpcBIFsFiDBm83vLn1DIMMEWrRoYarW7eLFF180VaclEEAAAQQQQCAxAr/++qt169bNX3zXXXe1QYMG+XUWEEAAAQS2LHDNNdds+QD2bpPAWWedZXvuuec2XYOTEYiCAAneKLzL9BGBDBIYOXKkqWq3C43i1WheAgEEEEAAAQRKXuCmm26yZcuW+QsPGTLEqlSp4tdZQAABBBDYskDLli2tatWqWz6IvcUWUAFuAgEEti5AgnfrRhyBAAJJFNh3332tV69e/o6q5q0q3gQCCCCAAAIIlKzA1KlT7bHHHvMXPfnkk+3yyy/36ywggAACCGxdYPvtt7f27dtv/UCOKLJA7dq17YwzzijyeZyAQBQFSPBG8V2nzwikuUDnzp1N1btdaG5eVfcmEEAAAQQQQKBkBNauXWtt27b1FytXrpyNHTvWr7OAAAIIIFB4ASV4d9hhh8KfwJGFEujSpYup8CeBAAJbFyDBu3UjjkAAgSQLqGr3uHHj/A/zDRs2mB7NUZVvAgEEEEAAAQS2XWDgwIH2zTff+Avdcsstdsghh/h1FhBAAAEECi9QvXp169ChQ+FP4MitCuy///48VbJVJQ5A4P8ESPD+nwVLCCCQRgKq3n3VVVf5Fqm697333uvXWUAAAQQQQACB4gkosXvnnXf6k/Uh+rbbbvPrLCCAAAIIFF1AX5RVqlSp6CdyRr4Cffr0sTJlyuS7j40IIJBXgARvXhO2IIBAmgjcddddpmreLrp27Wqq9k0ggAACCCCAQPEFNDWDpmhwMXr0aNMckgQCCCCAQPEFqlWrZgMGDCj+BTjTC5x44ol28cUX+3UWEEBg6wIkeLduxBEIIJAiAVXxHjx4sL+7qnyr2jeBAAIIIIAAAsUTUFE1FVdzceGFF1qzZs3cKq8IIIAAAtsgoC/Q6tevvw1X4NTtttvOxowZAwQCCBRRgARvEcE4HAEEkivw73//20466SR/09wfTP0OFhBAAAEEEEBgiwK5vyitXLmyDRs2bIvnsBMBBBBAoPACpUuXDgtWUhis8Ga5j+zUqZPVqVMn92bWEUBgKwIkeLcCxG4EEEi9gAquqbq3i3bt2uV4tNRt5xUBBBBAAAEEChbIPdVR//79bY899ij4BPYggAACCBRZoEGDBta+ffsin8cJZrVq1bLbb78dCgQQKIYACd5ioHEKAggkV0BVvW+++WZ/03nz5uUoDuN3sIAAAggggAAC+QrkLlZ69NFHmx4lJhBAAAEESl5gyJAhdsQRR5T8hbP4imXLlrWJEydaxYoVs7iXdA2BxAmQ4E2cLVdGAIESFOjRo4epyreLgQMHmqqAEwgggAACCCCwZYENGzZYmzZtLBaLhQdqfkM9HaNHiQkEEEAAgZIXKF++PMnKIrIqKX7UUUcV8SwORwABJ8BvdU6CVwQQlh1IVQAAQABJREFUSGsBVfdWlW8Xqv7NyCOnwSsCCCCAAAIFCwwfPtw+//xzf0CHDh0oAuQ1WEAAAQQSI3DggQfafffdl5iLZ9lVmzdvbh07dsyyXtEdBJIrQII3ud7cDQEEtkFAVb5V7duFqoCr6BqBAAIIIIAAAvkLLFy4MMd8hnvttZf17ds3/4PZigACCCBQogKtWrWybt26leg1s+1imsrioYceyrZu0R8Eki5Agjfp5NwQAQS2RUDVvitVquQvcdNNN5mqghMIIIAAAgggkFfg+uuvt1WrVvkdGs270047+XUWEEAAAQQSKzBgwAC76qqrEnuTDL26iqq9+uqrOT7fZWhXaDYCKRcgwZvyt4AGIIBAUQRU7Vu/JLn49ddf+VbcYfCKAAIIIIBAnMCLL75oL7zwgt9y5pln2nnnnefXWUAAAQQQSI7Avffea//617+Sc7MMuUv16tXt9ddft9122y1DWkwzEUhvARK86f3+0DoEEMhHQHPvxk/AP378eFN1cAIBBBBAAAEENgto1K5G77rYYYcdcsxl77bzigACCCCQeAEVt3zyySft1FNPTfzNMuAOVatWtddeey1HEe0MaDZNRCCtBUjwpvXbQ+MQQCA/AVX9VlJXvygpVBVc1cFVJZxAAAEEEEAAAbM77rjDfvzxR0/Rq1cv23ffff06CwgggAACyRXQF22TJ0+2Cy64ILk3TrO77b333vbBBx+Y5t4lEECg5ARI8JacJVdCAIEkCtSvX99UBdyFqoNrXkECAQQQQACBqAvMmjXL7rnnHs9Qp04d05z1BAIIIIBAagXKlStnTzzxhLVv3z61DUnR3Q877DD78MMP7aCDDkpRC7gtAtkrQII3e99beoZA1guoCriqgbvQaCVVCycQQAABBBCIqkDup1pKlSpl48aNs7Jly0aVhH4jgAACaSWgpxFHjRplAwcONC1HJTQ9xTvvvGN77rlnVLpMPxFIqkB0/jVJKis3QwCBZAioCnj8qN2VK1fmmG8wGW3gHggggAACCKSTwH333ReOjnJtuvLKK+344493q7wigAACCKSJQNeuXW3q1Km2++67p0mLEtMMJbH79OkTzrm78847J+YmXBUBBIwEL38JEEAgowVUDVxVwV2oWriqhhMIIIAAAghETeC3334zJQxcVKtWze666y63yisCCCCAQJoJnHzyyaap5po2bZpmLSuZ5ih5rSR2z549IzVauWT0uAoCRRMgwVs0L45GAIE0FNAjTipa4EJVw1U9nEAAAQQQQCBKAppn988///RdHjx4sKlSOYEAAgggkL4C1atXt1deeSV8MlFPKGZLXHrppaY54ZXEJhBAIPECJHgTb8wdEEAgwQK1atUyVQd3oarhmo+XQAABBBBAICoCb775pj366KO+uyeeeKJdccUVfp0FBBBAAIH0FdA0Bh07drR58+bZxRdfnL4NLUTLDj30UHvrrbfskUcesV133bUQZ3AIAgiUhAAJ3pJQ5BoIIJByAY1aUpVwF6oePnv2bLfKKwIIIIAAAlkrsHbtWmvbtq3vnwqqqbAagQACCCCQWQKa0uCxxx4zfWl3+OGHZ1TjK1euHE4LNHPmTDvppJMyqu00FoFsECDBmw3vIn1AAIGwOvjYsWNN1cIVGzZssNatW5uqiRMIIIAAAghks8CgQYPCUV+ujzfffLPVrl3brfKKAAIIIJBhAqeccorNmDHDJk6caPXq1Uvr1qtwmp6mXLBggennj75kJBBAIPkCJHiTb84dEUAgQQInnHCCqVq4iw8//NBUTZxAAAEEEEAgWwW+/fZbGzBggO/efvvtZz169PDrLCCAAAIIZKaABq6cf/75YRG21157LSws7QazpEOPDjnkEBsxYoT99NNP1rt3b9MIXgIBBFInQII3dfbcGQEEEiCgauGqGu5C1cRVVZxAAAEEEEAgGwU0NYOmaHAxevToHIVH3XZeEUAAAQQyV6Bp06Y2efLkcJRsnz59ckxNl8xeValSxa655hp755137OuvvzYVt95xxx2T2QTuhQACBQiQ4C0Ahs0IIJCZAqoWrqrhLlRNXPPzEggggAACCGSbwBNPPGFvvPGG75ZGep1++ul+nQUEEEAAgewSqFmzpvXs2dO++OIL++qrr8LPPY0bN7by5csnrKOqc9K5c2d7/fXX7ddffw2fkNSTkwQCCKSXQKlgfkomqEyv96TA1rRs2dImTZoU7tc/4lOnTi3wWHYgEHUBTeyvb5Zd6P8X/X9DIIAAAgggkA0Cy5YtMz0eqw/bikqVKoWjqfbcc89s6B59QAABBBAogsD69evt008/tenTp9usWbPCBPB3331XpCcZK1SoYJrmRz9bNO9v/fr1rWHDhqZRuwQCCKS/QJn0byItRAABBIouoOrhqjyrX3YU7dq1C+evSuS320VvJWcggAACCCBQPIHu3bv75K6u0K9fPyO5WzxLzkIAAQQyXUCFzY499tjwT3xfVq9eHf6sWLJkiemLQU3ps27dOitTpoyVK1fOKlasaHoCctdddw1f489lGQEEMkuABG9mvV+0FgEECimg6uGq4uoKz8ydO9dUZVwVXgkEEEAAAQQyWeCjjz6y8ePH+y4ceeSR1r59e7/OAgIIIIAAAhLQqNxatWqFfxBBAIHsFmAO3ux+f+kdApEWUBVxPWbkYuDAgaZq4wQCCCCAAAKZKrBx40Zr06aNbdq0KexC6dKlw2SvXgkEEEAAAQQQQACBaArwm2A033d6jUAkBHbYYQdTNXEXa9asCadqcOu8IoAAAgggkGkCI0aMsJkzZ/pma+SuRvASCCCAAAIIIIAAAtEVIMEb3feeniMQCQFVE1dVcReq/qqq4wQCCCCAAAKZJvDTTz/lmGpIc+5q7l0CAQQQQAABBBBAINoCJHij/f7TewQiIXDPPfeE1cVdZzt37mzLly93q7wigAACCCCQEQIdO3a0lStX+rbm/vnmd7CAAAIIIIAAAgggECkBEryRervpLALRFMg9wmnx4sXWrVu3aGLQawQQQACBjBR4+eWX7bnnnvNtP+OMM3I8oeJ3sIAAAggggAACCCAQOQESvJF7y+kwAtEUyD1HoaqPf/zxx9HEoNcIIIAAAhklsHr1auvQoYNvc+455v0OFhBAAAEEEEAAAQQiKUCCN5JvO51GIHoCuauMq/p469atTdXICQQQQAABBNJZoHfv3rZgwQLfxB49elitWrX8OgsIIIAAAggggAAC0RYgwRvt95/eIxApAVUZ10heF6pCrmrkBAIIIIAAAukq8MUXX9jdd9/tm3fooYfazTff7NdZQAABBBBAAAEEEECABC9/BxBAIFICqjauOXld9OrVy1SVnEAAAQQQQCDdBGKxWPi0yYYNG8KmlSpVysaOHWtly5ZNt6bSHgQQQAABBBBAAIEUCpDgTSE+t0YAgeQLVKpUyVR13IWqkasqOYEAAggggEC6Cdx///32wQcf+GZdccUVduKJJ/p1FhBAAAEEEEAAAQQQkAAJXv4eIIBA5ATOP/98O/30032/VZVc1ckJBBBAAAEE0kXg999/t65du/rmVK1a1e666y6/zgICCCCAAAIIIIAAAk6ABK+T4BUBBCIlMHr0aFMVcheqTq4q5QQCCCCAAALpINClSxdbunSpb4qSu9WqVfPrLCCAAAIIIIAAAggg4ARI8DoJXhFAIFIC++23n6kKuQtVJ1eVcgIBBBBAAIFUC7z11ls2YcIE34wTTjjBrrzySr/OAgIIIIAAAggggAAC8QIkeOM1WEYAgUgJqAp57dq1fZ9VpVzVygkEEEAAAQRSJbBu3Tpr06aNv70Kqo0bN85UYI1AAAEEEEAAAQQQQCA/ARK8+amwDQEEIiHgPjS7zqpKuT5Uq2o5gQACCCCAQCoEBg0aZHPnzvW31lQNhx56qF9nAQEEEEAAAQQQQACB3AIkeHOLsI4AApESUDVyVSV38f7779sDDzzgVnlFAAEEEEAgaQLz58+3AQMG+PvVqlXLevbs6ddZQAABBBBAAAEEEEAgPwESvPmpsA0BBCIlMHjwYFN1che33nqrqXo5gQACCCCAQDIF2rVrZ2vWrPG3HDVqVI6CoH4HCwgggAACCCCAAAIIxAmQ4I3DYBEBBKIpoKrkqk7uQlXL9UgsgQACCCCAQLIEnnzySZsyZYq/XcuWLe3MM8/06ywggAACCCCAAAIIIFCQAAnegmTYjgACkRJQdXJVKXeh6uWqYk4ggAACCCCQaIHly5dbp06d/G122mknu+eee/w6CwgggAACCCCAAAIIbEmABO+WdNiHAAKREVB18rFjx5oKr7lo27atqZo5gQACCCCAQCIFunfvbosXL/a36Nevn+21115+nQUEEEAAAQQQQAABBLYkQIJ3SzrsQwCBSAnUqVPHbrrpJt/nOXPm5Ji6we9gAQEEEEAAgRISmD59uo0bN85frX79+ta+fXu/zgICCCCAAAIIIIAAAlsTIMG7NSH2I4BApAR69eplqlruon///qaq5gQCCCCAAAIlLbBx40Zr3bq1bdq0Kbx06dKlbfz48bbddtuV9K24HgIIIIAAAggggEAWC5DgzeI3l64hgEDRBXbYYQdT1XIXqmauquYEAggggAACJS0wcuRImzFjhr+sft4cddRRfp0FBBBAAAEEEEAAAQQKI0CCtzBKHIMAApESUNVyVS93oarmqm5OIIAAAgggUFICixYtMj014mKPPfYwPTVCIIAAAggggAACCCBQVIEyRT2B4xFAAIEoCKh6+WuvvWYrVqwIu6vq5meccYZVrlw5Ct2njwgggAACCRbo2LGj/xmjW+nnTqVKlRJ8Vy6PAAIIIBAFAdWJXrDA7IcfLCjiafbHH2bLl5utXWtBEWmzMkEmqFw5s4oVzapWNdt1V7N99jHbd1+znXeOghB9RCD7BEjwZt97So8QQKAEBFS9vG/fvnbjjTeGV1N189tuuy3H9A0lcBsugQACCCAQQYHJkyfbs88+63verFkzu+CCC/w6CwgggAACCBRWQAnbTz81e/99s48/Nps922zePAvmdy/sFXIet/vuZvXqmf3jH2aNGm3+U6VKzmNYQwCB9BMoFQsi/ZpFi/IT0CPjkyZNCnc1btzYpk6dmt9hbEMAgRISUPGbBg0a2GeffRZeUcVvpk2bZkcffXQJ3YHLIIAAAghETWD16tVWp06dYFTVD2HXt99+e/vyyy9tv/32ixoF/UUAAQQQKKaARuTqe8Lg+8IgL2C2alUxL1SI00qVsuDzjwVPM5q1aLE5+VuI0zgEAQSSLMAcvEkG53YIIJA5AqpirmrmSuwqVOVc1c6V+CUQQAABBBAojkCfPn18clfn9+jRg+RucSA5BwEEEIiYgEbqPvWUWfDQh2mUbfCxxF58MbHJXRFrSKBGBvfubXb44Wa1a5sNHLh56oeIvQV0F4G0FiDBm9ZvD41DAIFUC6iauaqau1C1c1U9JxBAAAEEECiqgEbq3n333f60Qw45xG6++Wa/zgICCCCAAAK5BX77zYKinGZ77mnWqpVZUP85GHCS+6jkrc+ZY9a9u1mNGmYXXrg5+Zu8u3MnBBAoSIAEb0EybEcAAQT+FlBVc1U3d6Gq56p+TiCAAAIIIFBYAc2K1qZNG1u/fr0/Zdy4cUGRm6DKDYEAAggggEAuARVHu+EGs5o1LagNYrZkSa4DUryqJPPEiWbHHGPWpMnmOYBT3CRuj0CkBUjwRvrtp/MIIFAYAVU1V3VzFytWrAh+2Qp+2yIQQAABBBAopMCDDz5o7733nj/63//+t5100kl+nQUEEEAAAQQksHbt5oRurVpmI0aYaWqGdI833zQ7/nizc86xYBqidG8t7UMgOwVI8Gbn+0qvEECghAVU3VxVzl2o4KGqoBMIIIAAAghsTeCPoBrOLbfc4g+rEpQjHzJkiF9nAQEEEEAAAQlo+oW6dTdPybBmTeaZaE5gzdEbPACZEYnpzBOmxQgULECCt2Ab9iCAAAI5BEaPHm2qdu6iQ4cOpmroBAIIIIAAAlsS6NKliy1dutQfctddd1m1atX8OgsIIIAAAtEWCL4HtGA8SVhA7dtvM9tCiemgfmiYqI57cCWzO0XrEcgAARK8GfAm0UQEEEgPgf333z+sdu5a80Pw/FFfTYhFIIAAAgggUIDA22+/bQ8//LDfe3zwDOtVV13l11lAAAEEEIi2gJKgRxxh9vTT2eXwzTcWTEVkNnCgWTANPYEAAgkWIMGbYGAujwAC2SWgaueqeu5i6NChpqroBAIIIIAAArkF1gUTJ7Zt29ZvLlu2rKmwWqlSpfw2FhBAAAEEoimgpKeSn0qCZmv95k2bzLp3NzvjDLPff4/m+0yvEUiWAAneZElzHwQQyAoBVTvXh3MXqoauquiqjk4ggAACCCAQLzB48GD7+uuv/abOnTtbnTp1/DoLCCCAAALRFNAsbypIpuSnkqDZHq+9tnmU8qxZ2d5T+odA6gRI8KbOnjsjgECGCqjquaqfu1BVdFVHJxBAAAEEEHAC3333nfXr18+t2r777mu9evXy6ywggAACCERTQFOyn3qq2UsvRav/P/9sdsIJZu+8E61+01sEkiVAgjdZ0twHAQSySkDVz1UF3cWtt95qqpJOIIAAAgggIIF27drZmrgS6KNGjbIKFSqAgwACCCAQYYGffjILpmK3Dz+MJsJff5k1bWr23HPR7D+9RiCRAiR4E6nLtRFAIGsFVP1cVdBdLFmyxFQlnUAAAQQQQGDixIn2mp5H/TtatGhhZ511llvlFQEEEEAgggI//mjWsKEFU/dEsPNxXV671qxlS7PHH4/byCICCGyzAAnebSbkAgggEFUBVUFv1KiR776qpKtaOoEAAgggEF2Bv4LhSTfeeKMH2GmnnWzEiBF+nQUEEEAAgegJ6EG/004z0wheYvO8w5rx7tVX0UAAgZISIMFbUpJcBwEEIiegKugquKaq6C5ULV1V0wkEEEAAgWgK3HbbbfbLL7/4zvfp08f22msvv84CAggggEC0BFatsuApDrN586LV7631dsMGs/POM/voo60dyX4EECiMAAnewihxDAIIIFCAQN26dU1V0V2oWrqqphMIIIAAAtET+OSTT2zMmDG+4//4xz/s+uuv9+ssIIAAAghES2Djxs1JzI8/jla/C9vb1avNzjyT5HdhvTgOgS0JkODdkg77EEAAgUIIqCq6qqO76N+/v6l6OoEAAgggEB2BjcGn+NatW9umTZvCTpcuXTp8ymO77baLDgI9RQABBBDIIRB8TAjmZM+xiZVcAkuXbp6T93//y7WDVQQQKJIACd4icXEwAgggkFdAVdFVHd3F/4LfTtq3b+9WeUUAAQQQiIDA6NGj7bPPPvM9bdOmjTVo0MCvs4AAAgggEC2BKVPMBgyIVp+L29vZs806dizu2ZyHAAISIMHL3wMEEECgBARUHV1V0l28GlQMUBV1AgEEEEAg+wV+/vln69Gjh+/o7rvvHnyo51O9B2EBAQQQiJiApmK/5JKIdXobu3v//WaPP76NF+F0BCIsQII3wm8+XUcAgZIVGD58uFWsWNFfVFXUVU2dQAABBBDIboEbbrjBVqxY4Ts5bNgwq1y5sl9nAQEEEEAgWgKXX272xx/R6nNJ9Pa668wWLCiJK3ENBKInQII3eu85PUYAgQQJ1KhRw/r27euvrirqqqZOIIAAAghkr8Arr7xizzzzjO9g06ZNrVWrVn6dBQQQQACBaAk88YTZG29Eq88l1dtVq8yC70wJBBAohgAJ3mKgcQoCCCBQkICqpatqugtVU1dVdQIBBBBAIPsEcs+5vv3225v+3ScQQAABBKIpoIf3OneOZt9LqtcvvGA2eXJJXY3rIBAdARK80Xmv6SkCCCRBQNXSx40bZ6qerlA1dRXaUXV1AgEEEEAguwT01Mb333/vO9W9e3fbf//9/ToLCCCAAALREujVy2zx4mj1ORG97dDBbM2aRFyZayKQvQIkeLP3vaVnCCCQIgFVTVdS18Wnn35qqq5OIIAAAghkj8BXX31lQ4YM8R06+OCD7dZbb/XrLCCAAAIIREtgzhyzkSOj1edE9faHH8yGDk3U1bkuAtkpQII3O99XeoUAAikWUPV0VVF3oerqqrJOIIAAAghkvkAsFgu/yFu/fr3vzNixY61cuXJ+nQUEEEAAgWgJ3H67nt6LVp8T2dvBg82WLUvkHbg2AtklQII3u95PeoMAAmkioOrpqqLuQtXVVWWdQAABBBDIfIGHHnrI3n33Xd+Ry4Ny6aeccopfZwEBBBBAIFoCwUMdNnFitPqc6N4uX242fHii78L1EcgeARK82fNe0hMEEEgzAVVRVzV1F6qyrmrrBAIIIIBA5gosWbLEbr75Zt+BKlWq5Jiqwe9gAQEEEEAgMgJ33x2Zria1o6NGMRdvUsG5WUYLkODN6LePxiOAQLoLaO5dVVV30b59e1PVdQIBBBBAIDMFlNxVktfFnXfeabvuuqtb5RUBBBBAIGICv/9u9sgjEet0krr7xx9mjz6apJtxGwQyXIAEb4a/gTQfAQTSW+CAAw4wVVV3oWrrqrpOIIAAAghknsA777xjmp7BxXHHHWfXXHONW+UVAQQQQCCCAg8/bLZuXQQ7nqQu33tvkm7EbRDIcAESvBn+BtJ8BBBIfwFVVVd1dRequq7q6wQCCCCAQOYIqKBa27ZtTQXWFGXKlLFx48ZZqVKlMqcTtBQBBBBAoMQFHnigxC/JBeMEpk83mzUrbgOLCCCQrwAJ3nxZ2IgAAgiUnICqqqu6ugslCdq0aeOTBG47rwgggAAC6SswOCjnHf/lXOfOne2www5L3wbTMgQQQACBhAvMnGk2Z07CbxP5GzzxROQJAEBgqwIkeLdKxAEIIIDAtguouvpll13mL6Tq6/GP+fodLCCAAAIIpJ2Aptfp16+fb9c+++xjt99+u19nAQEEEEAgmgITJ0az38nu9dNPJ/uO3A+BzBMgwZt57xktRgCBDBUYOnSo7bLLLr71uQv1+B0sIIAAAgiklUDuApkjR460ChUqpFUbaQwCCCCAQPIFXnop+feM4h3nzzf7+uso9pw+I1B4ARK8hbfiSAQQQGCbBFRlfdCgQf4aqsKuJC+BAAIIIJC+Ak8Hw4ZeeeUV38DmzZvb2Wef7ddZQAABBBCIpsBPP5l98UU0+56KXsf9KE7F7bknAmkvQII37d8iGogAAtkkoGrrqrruQtM0aLoGAgEEEEAg/QT++usvu/HGG33DKlasaCNGjPDrLCCAAAIIRFfgv/+Nbt9T0fM330zFXbknApkjQII3c94rWooAAlkgoGrrqrqu6usKVWNXwTUVXiMQQAABBNJLoGfPnvbzzz/7RvXp08dq1Kjh11lAAAEEEIiuwPvvR7fvqei5vIOPTgQCCBQgQIK3ABg2I4AAAokSUNX1Tp06+curKvuQIUP8OgsIIIAAAqkX+PTTT2306NG+IUcccYR17NjRr7OAAAIIIBBtgWnTot3/ZPd+2TKzefOSfVfuh0DmCJDgzZz3ipYigEAWCaj6uqqwu+jbt6+pSjuBAAIIIJB6gU2bNoVPV2zcuDFsTOnSpcOnL7bbbrvUN44WIIAAAgikXEAP3wVjNIgkC8yaleQb5rrds88+a5MmTbJvv/021578V3Ws/sxXlbgUxqJFi8J2vPzyyylsRXbdeuHChaFpfJ2GVPeQBG+q3wHujwACkRTYcccdTVXYXfzvf/8zVWknEEAAAQRSL6CRu5988olvSOvWre2YY47x6ywggAACCERbQCNJmWEt+X8HZs9O/j3j73jBBRdYy5YtbfLkyfGbC1zWsfqT6iTgtGC4udpxxRVXFNhWdhRN4L333gtNr7vuuqKdmMCjSfAmEJdLI4AAAlsSUBV2VWN3oR/8zzzzjFvlFQEEEEAgBQK//PKL9ejRw995t912swEDBvh1FhBAAAEEECjkAE6gSlggxQNhS7g3XA6BkhUgwVuynlwNAQQQKJKAqrGrKruLG264wVasWOFWeUUAAQQQSLKA/h3+66+//F2HDRtmO++8s19nAQEEEEAAgR9+wCAVAsxolwp17pkpAiR4M+Wdop0IIJCVAqrG3rt3b983VWuPHznmd7CAAAIIIJBwgVdffdWefvppf59TTz3VLrroIr/OAgIIIIAAAhIIfmUnUiCAewrQuWXGCJTJmJbSUAQQQCBLBTRa7JFHHrGZM2eGPdTcj5dffrkdeeSRWdpjuoUAAgikn0DuudDLly9vY8aMSb+G0iIEEEAAgZQL/PFHypsQyQZki/uHH34YPrV57LHHWqVKlcIibB988IHNmTPHDj74YGvYsKEdeOCBW3yPNa/urKDq3HfffWf77ruv1atXz44++mgrW7bsFs/Tzl9//dXefvvt8PwDDjjA1I5DDjmkwPOWLl0aziOs4nKxWMwOPfRQO+yww6x27doFnqMdy5cvt48//tg+//xzW7lypR1++OHWoEED22uvvfKcpzbpuOrVq9sRRxxh7777rv33v/8NayDIQ/1VqI+77LJLnvO1QdNszQ4mai5Tpow1btw4zzFffPGFzZgxw77++murWbNmeB9dT8cXFGvXrrUXXnjBvvzyS9tpp53shBNOsKOOOqqgw1O6veBepLRZ3BwBBBCIjoCqso8bN86OO+44U+V2VW1v06aNffTRR6bK7QQCCCCAQOIF+vXrF35Icnfq3r37Vj9cuWN5RQABBBCIlsCff0arv+nS21WrNhe3K0QOM12anG872rVrFw7uUaL3iSeeME3bFx/6DNizZ0/r1atXns+DSjR27NjR3nzzzfhTwmUlRidMmBAmX/Ps/HvDlClT7MILL7Rly5blOOTaa68Ni4DrC+740OCjW2+91VYJP1doUJIKhytJnTuef/550zX/yJWVL1eunOl3rptuuilH35RwVrvOPffcMOHctWtXf8kzzzzTvvrqK/shmBulf//+pt/R8gs9GTt+/Hg766yzciR4/wz+h9Xn64kTJ+Y5TQneRx991A466KA8+5RwPv30023x4sU59jVt2jRHLZ0cO1O4QoI3hfjcGgEEEHACqs6uCpxK9CpUvV0/TK+//np3CK8IIIAAAgkS0EiOIUOG+Kvrl3x9mCEQQAABBBDITyAY1EekSED2mZ7gdXT6rKfPfUpgnnLKKeGIVyVGNdJUycr999/fLrvsMnd4OPL25JNPDpOmKgLbunXrcDTt/KD63H/+858waazRpW+99VY4Ctif+PeCkrq61+6772633HJLeH2NjB01apTdd999phG68YnjyZMnh59HlXBWWxs1amTr1q0zJYk1qlXJZNUteO6553Lcavjw4XbjjTeG25RsPeecc8K6M++//36YgNW9NVr5gQceyHGeVvQ72csvv2waBKVRxTruggsuCJO7d9xxhz322GP5Jng10tYlcK+88kp/XbXvH//4hy1YsMCqVKkSJsfr1q0bXk/Xmj59utWvXz98H+JHMS9ZsiRMNiu5q9HKuma1atVCn4ceeigcYexvki4LwfBqIkMEzjvvvFjw9yb8Eww3z5BW00wEECisQPDNYiz4Qe3/Pw++CY0Fc/IW9nSOQwABBBAopsCJJ57o/+3V71pTp04t5pU4DQEEEEAgCgJNmgTPqQcPq/Mn+QZLlqTub1iQdAx/X7jnnnsK1QiXvwlGueY4Phhp63/vCEac5tgXTGUQC6YyCPcHCdUc+4JEabg9SFDGgukIcuwLEpkx5Yl0T52/YcMGv/+ZZ57x9wu+xM7zGTNI6saCJG54TJBc9ecFdQjCbddcc43f5haCgUnhvmB6g1gwvYLbHF47KCIe7hs4cKDf7hbeeeedWDBKOFaqVKlYMC2F2xx76qmnwnPU/lq1asWCxGq4L0i0xoJptGLff/99eI72f/bZZ/48tzBp0qTw/KpVq8aCZK/bHAtGCofb99lnnzxma9asiTVv3jzc36xZM3+OFoI6DOF2/Y4YjF7OsS+YXjHcp7YENXVy7EvlCs/+Bu8IgQACCKSDgKq033333b4p+rbRffPpN7KAAAIIIFCiAhqFEXzY8Ne89NJLczzW53ewgAACCCCAwN8CzKKWur8KpUql7t4lfWeNttVTnPGx4447mn4XUWhaAheaLkCjZhVDhw4NR+G6fXrV/LCqHaCRrzo2vmhs/HEDBgywPfbYI35TOHr4/PPPD7cNHjzY71MBcIU+p+aOq6++OhyB+9prr1mFChX8bl1f8+2qnkx+T0NpDltN3RAkQk0jcvMLtUEjlBUadbv99tuH8wxrlLNCUyrkDtW0UVx88cWmaSAUmpPXTX+hqSQ0cjk+XL0FzcGrfmjKDIVG7b7xxhvh8qBBg3L0Txv1/hx//PHh/nT6DwnedHo3aAsCCEReQD+QVLXdhR4zUVV3AgEEEECg5AX0+N3NN9/sL6yiHfrQRCCAAAIIILAlgb/zR1s6hH0JEiifc4rYBN0lOZfV/K/5hYqmKVQA1oXm3lXsueeepjlg8wsVaFNdF4WSvLlDyeMWLVrk3hyuuwSvK/ytjU2aNAn3aRorzY+rqRg0CEmhpOhVV10VfikejNgNt+k/n376abisuWuDUbp+e/yCu25+bdRxmlIhv9D9FJq3WHVrXOj3OU0noYifnkEF19avXx+2Nf4ztjtPr0r61qlTJ9zk2uNeZa0CdPlF/NQZ+e1PxTYSvKlQ554IIIDAFgT0zWv85Pbt27fP8cN9C6eyCwEEEECgCAKaAy6++Medd94ZVm8uwiU4FAEEEEAgggJxAxYj2PvUdjkYzJmyUFJTEUx/sNU2aE5YF+48t+5e9957b7eY49UVLVMBbheam1bhkr9ue+7X/fbbL9w0d+7c3LssmKagwKSra8vy5cvtt99+C89VMTc3alYDj5QcDqZAMM0DrFG2CxcuzHOPb775JtymkbMahZvfH5eoDaZ28Aljd6GywQTLamd+oftXrlw5HJkbP1dwML1DmMgNpqbIkRx2bZGj3PJri7Y5W3e8S/DWrFkzv2aE2wpqY4EnJGEHCd4kIHMLBBBAoCgCBx54YI6J47/77ruwWmhRrsGxCCCAAAJbFnjvvffCgiTuqIYNG4aPDLp1XhFAAAEEEChIIMhxESkQCB60sVROj6EnfRRuFOuWCPSYv4v8pjjQvh122MEdstVXTTegUIJ1S+HaqFGtuUPTHRQU8W3UFAsKJVM1dcGwYcPCKRc0IlfJ7bfffjss0qZksva5UAE298W5kqpKcuf3R/t0bf2Jd9J11H5NM5FfyEsjiRUqkObCTc8QP3pX+xYtWhQeonbn1w63TddVW4KaOOHxP/30U/jqLMOVXP+pXr16ri2pXyXBm/r3gBYggAACeQQ0X5GquLvQN6Tum0W3jVcEEEAAgeIJ6HG9Nm3ahPO/6QoaWRMUCylwVEvx7sJZCCCAAALZKlCtWrb2LL37lWp3lyDNnZTMT80lZLVvS4nC/M7Nb5tGoCpc0jJcyec/blRttXywli5dms8Zmze56+p3IjeaV3s0olZ1YT755JNw5OyECRPCeW41yljJ3s6dO4dTJuhYzX3rEp96KnXZsmVb/RP/mVfX2Fq40b/PPvts+JSrRt1OmzYtbOcll1yS43Q3Alf9KUxbHnzwwfD8ww47LHx1Jjku+vfK77//nt/mlG4jwZtSfm6OAAII5C+gKRrGjh3rd+rb0LZt2/p1FhBAAAEEii+geXbdXHa6ij641KtXr/gX5EwEEEAAgUgJbOHJ7Ug5JLuzBcxokLRmHHHEEeG99BSQioRtKeILuNavX39LhxZqn57yVMyfPz+cjqCgk9ygoPymEPjxxx9Nnyvzizlz5oSbdZ6bUkKjgN9///1w9Kt2ajoDzT2r0bM//PCDT+a+/PLL/pIuYevm4vU74haUHNU0CJoOoqhxzDHHWO3atW3FihU2ZcoU0/QMirPPPttyJ7VdW77//ns/Oje/+82YMcMWLFjgp95Q8TuFzivIS0/ZpluQ4E23d4T2IIAAAn8LNG7c2FdQ1SY9CqNq7wQCCCCAQPEF9IGkT58+/gIa1XHHHXf4dRYQQAABBBDYmkCtWls7gv2JEPh7EGsiLl2oa5522mnhcV999ZX16NGjwHNUHM1NXaB5YXfdddcCjy3sDhX70ghZJUXvu+++fE975ZVXTG1T/Otf/8pzjKZeeP755/Ns15QJmjNX0axZs/BVo31VgOz444+3e++9N9wW/x+NSnYeq1ev9rtOPPHEcFnTJri5fP3OYEGJ8VatWpmS5bKJL5YWf9yWluNH8T799NPhobmnZ9BGFWvbaaedwv0FFdHVZ+wjjzzSNEL64YcfDo+tW7duWBNHXg888EC4Lf4/6sP48ePjN6XFMgnetHgbaAQCCCCQv4B+EMU/0qNq7/nNp5T/2WxFAAEEEMgtkLtw5ciRI01VpQkEEEAAAQQKKxA3k1phT+G4EhBItftFF13kp9EbMGBAOA9t/AhXzeGq0axKLLppHPr3718CPbew8JimQ1Aouay5cePjs88+8098nnXWWeYSrfHHaPm6666z+NG1mmbh+uuvD6cD1LQL7ktvTUfRpEmT8PSBAwda7hGrGknskqvnnHOOv03Xrl1tjz32CEfMKpHrHHSAEsl33323uQJpKuJW0Hy7/oL5LGgUsUYZP/PMMzZr1qwwEX366afnOVJ96NWrV7hdUx66uXrdgWqbksVK2GpqCTfFg6al6NevX3hYz5497d1333WnhH3o3r27zZw5029Lm4WgI0SGCJx33nl6BiD8E4zsy5BW00wEENhWgeDbQf//vv4NuPrqq7f1kpyPAAIIRFIg+CCQ49/T4ANJJB3oNAIIIIDAtgtUqqRn9PmTTINXXtn2921brzB9+vRYMLI1x+8TwfR6saBIWY5tQWGvWJDczfd2wejV8Nh77rkn3/1B8jbcH4zYzbE/GFEaa9CgQbivdOnSseOOOy527bXXxpQf0rH6rBiMwI2tWbMmx3nu959atWrF9tprr/DYk046KXbFFVfE9t9///C8IKkZC+bXzXHe3Llzc/Tr0EMPjQUJ4ljz5s1jQWGy8LwgCRwLis7lOO+ll16KVaxYMdwvl2D6hNill14aC0Yyh9vUTuW3guSyPy+YaiHcFyRa/bYtLeiaLj/WpUuXAg8NpliIBSON/bFB8j0WJHVDOxnqGhUqVIgFifo819Dnbu2Xjfqp84LpIcJtJ5xwQvhao0aNPOelaoMy1USGCJDgzZA3imYiUMICwTedsaC6e/gDRD9g9MtC8C1iCd+FyyGAAALZLaAPH/pQ4z4MBKN2Y8FcdNndaXqHAAIIIJAwgRNPJLkbfDQJfq4m788vvyTs7SzShYMCarF27drFgjlf/e8V7vcLJQ2D0aSxYH7YAq9Z3ASvLqikqBLHwVOeOe4dTEUQtimYHiLPfV2CN5huIRbMKxsLpiTIcW6dOnViH330UZ7ztCEYqRr75z//meN49VVJ7uDp0hxJ2vgL6D5KNis56mz0qgRuMJo2tnbt2vjDY0VN8D733HP+ukFdhRzXyr2iz9OjR4/Ok5hXe4LRzrFg9HPuU8J1JYeD0c0+ma3jlQxWv5Xo13o6JXhLqdVBo4gMEGjZsqVNmjQpbKnm5pw6dWoGtJomIoBASQjo0RPNDaRHaBTBD2HTZPB6fIRAAAEEENi6gAqpDR8+3B84ZMgQu+mmm/w6CwgggAACCBRFoFs3szvvLMoZHLstApr3ON3qWumzWZDIDKch0Dy0mppAc/sHo1a3pauFPnfRokUWjLK1qlWrmoqwBcnHQp/7xx9/hPP1BqNy8xQny+8iy5YtCwuRabpAFTlTXwsT69evt3nz5oXz8aqAm3xcEbfCnF/Sx6jAm+YpDkYY23777ZdjOsSC7hUMEginsNB0Epo7OJXtL6iN2k6Cd0s6abaPBG+avSE0B4EkC2j+XSUkXGguJM1xRCCAAAIIbFlA89IFjzT6Qh4q6vHJJ5+k7S/oW+4NexFAAAEE0kEgmGrVzj47HVoSjTYE067ahAnR6Cu9RKA4AhRZK44a5yCAAAIpENCE9/rG00Xfvn1N1eAJBBBAAIGCBVTQo02bNj65G0xzY+PGjSO5WzAZexBAAAEECiFw8skWPE1XiAM5pEQETjutRC7DRRDIWgESvFn71tIxBBDINgFVeR8xYoTvlh4D6tChg19nAQEEEEAgr8DYsWMtmCfN71D16GOPPdavs4AAAggggEBxBIInvO3444tzJucUR6BZs+KcxTkIREeABG903mt6igACWSAQVHw3/XExefJkPze328YrAggggMBmgaAIit12222eIyjsEcyXyISJHoQFBBBAAIFtEmjefJtO5+RCCjRqZBb8CCcQQGALAiR4t4DDLgQQQCAdBUaOHGkazevihhtusBUrVrhVXhFAAAEE/hbo1KmTLV++3HvcfffdSSt84m/KAgIIIIBA1goEddAtmPmHSLDAhRcm+AZcHoEsECDBmwVvIl1AAIFoCdSsWdN69+7tO63qqT179vTrLCCAAAIImE2ZMsWeeuopT9GkSRO75JJL/DoLCCCAAAIIbKvAHnuYBT9eiAQKlCljdsEFCbwBl0YgSwRI8GbJG0k3EEAgWgIatVuvXj3f6VGjRtmMGTP8OgsIIIBAlAXWrFlj7dq18wTly5e3MWPG+HUWEEAAAQQQKCmBa68tqStxnfwE/vUvs912y28P2xBAIF6ABG+8BssIIIBAhgiUCb7KHj9+fPBI2OZnwjZu3GitW7c2VYsnEEAAgagL9O/f3+bPn+8ZunbtagcddJBfZwEBBBBAAIGSEjj3XBKQJWWZ33Xats1vK9sQQCC3AAne3CKsI4AAAhkioCrwqgbvQlXiVS2eQAABBKIsMGfOHLvrrrs8wYEHHmjdunXz6ywggAACCCBQkgLlypldf31JXpFrOQE9sHjqqW6NVwQQ2JIACd4t6bAPAQQQSHOBgQMHBhVl/6+krKrFL168OM1bTfMQQACBxAm0DYb6rFu3zt9AX3xpigYCAQQQQACBRAlolGnFiom6enSve8st0e07PUegqAIkeIsqxvEIIIBAGgnssssupqrwLlQt/sYbb3SrvCKAAAKREpgwYYK99dZbvs8qqqbiagQCCCCAAAKJFKhSxaxTp0TeIXrXrl3b7KKLotdveoxAcQVI8BZXjvMQQACBNBHIncBQ1XhVjycQQACBKAksXbrUunTp4ru8884729ChQ/06CwgggAACCCRSoHNns6pVE3mHaF27Xz+z0mSsovWm09ttEuB/l23i42QEEEAgPQRUHT7+EWRVj1cVeQIBBBCIisCtt95qv//+u++uprDZjbLb3oMFBBBAAIHECgTfK9qgQYm9R1Su3rSpWYsWUekt/USgZARI8JaMI1dBAAEEUiqg6vCqEu9C1eNVRZ5AAAEEoiDw/vvv2wMPPOC7qiKUrVu39ussIIAAAgggkAyBq64ya9gwGXfK3nuoaN2oUdnbP3qGQKIESPAmSpbrIoAAAkkWUJV4VYt3oSryqiZPIIAAAtkssGHDBmvTpo3FYrGwm2XKlLFx48ZZqVKlsrnb9A0BBBBAIA0F9KMnqO3J1ALb8N4ED+QEn2m24QKcikBEBUjwRvSNp9sIIJB9ApqiQVM1uFAVeVWTJxBAAIFsFlChyS+++MJ3sWPHjnb44Yf7dRYQQAABBBBIpoB+BMVNCZ/MW2f8vQ45xCwYs0IggEAxBEjwFgONUxBAAIF0FTj11FPt4osv9s1TNXlVlScQQACBbBRYsGCB9e7d23etZs2aOdb9DhYQQAABBBBIooAKhAWzBRFFENh+e7OnnzbbYYcinMShCCDgBUjwegoWEEAAgewQ0Gg2VY93oaryqi5PIIAAAtkm0KFDB1u9erXv1ogRI6xixYp+nQUEEEAAAQRSIVC2rNlTT1nwO3kq7p6Z99S8u3XrZmbbaTUC6SBAgjcd3gXagAACCJSggKrGq3q8C1WVV3V5AgEEEMgmgWeffdZefvll36V//etfdu655/p1FhBAAAEEEEilwN57mz38cCpbkDn3vuQSs6uvzpz20lIE0lGABG86viu0CQEEENhGgeuuu86OOeYYfxVVl1eVeQIBBBDIBoGVK1faDTfc4Luy44472siRI/06CwgggAACCKSDQPDdow0YkA4tSd82NGxodu+96ds+WoZApgiQ4M2Ud4p2IoAAAkUQKF26tI0fP96222678CxVl1eVeVWbJxBAAIFMF+jVq5f99NNPvhu333677a2hUgQCCCCAAAJpJqCiYUH9TyIfgdq1LXgax6xChXx2sgkBBIokQIK3SFwcjAACCGSOgKrIx49wU5V5zc9LIIAAApksMHPmTNNcuy4OO+ww69Spk1vlFQEEEEAAgbQTuOces4suSrtmpbRBNWqYTZliVqVKSpvBzRHIGgESvFnzVtIRBBBAIK+AqsurqrwLravqPIEAAghkosCmTZusdevWtnHjxrD5pUqVCp9WKFOmTCZ2hzYjgAACCEREIPhxFc7He845EenwVrq5555mr79upiQvgQACJSNAgrdkHLkKAgggkJYCqiYfP9JN1eZVdZ5AAAEEMlFg3Lhx9vHHH/umX3vttdZQk/cRCCCAAAIIpLlA2bJmkyZRTOygg8w+/NDskEPS/A2jeQhkmAAJ3gx7w2guAgggUFQBVZU/++yz/WmqOv/cc8/5dRYQQACBTBBYvHixde/e3Te1evXqduedd/p1FhBAAAEEEEh3AZXHuP9+M83LG8Vo0MCCws8WzJsfxd7TZwQSK0CCN7G+XB0BBBBIC4FRo0aZqsy76BhUelAVegIBBBDIFIHOnTvb8uXLfXOHDh1qu+yyi19nAQEEEEAAgUwRGDDAbPRoM43qjUo0b2725ptm1apFpcf0E4HkCpDgTa43d0MAAQRSIqDq8qoy70LV51WFnkAAAQQyQeD1YKK+J554wjf1lFNOsUsvvdSvs4AAAggggECmCbRrt3k06777ZlrLi9ZeJbFVZO7ZZy0YcFK0czkaAQQKL0CCt/BWHIkAAghktICqzKvavAvNzatq9AQCCCCQzgJr1qyxdvoU/HeUK1fOxo4d61Z5RQABBBBAIGMFjj7agt/HzVq0yNgubLHhSl5rSoYbbtjiYexEAIESECDBWwKIXAIBBBDIBAFVmVeBIlWdV6gKvarRqyo9gQACCKSrwIDgOdZvv/3WN69r16528MEH+3UWEEAAAQQQyGSBypU3F1/7z3+yZ/oCfdzQd7NKXiuJTSCAQOIFSPAm3pg7IIAAAmkjcNxxx9k111zj26Nq9OPHj/frLCCAAALpJDB37lwbNGiQb9IBBxwQFKaJaGUar8ACAggggEA2Clxxhdm8eWZt2lgwICNze6iE7vTpm+cYVvKaQACB5AiQ4E2OM3dBAAEE0kZAyRJVn3ehZImq0xMIIIBAugm0bdvW1q1b55s1ZswY23777f06CwgggAACCGSTgGqHahaijz4ya9Qos3q2224WPC1oNm2a2ZFHZlbbaS0C2SBAgjcb3kX6gAACCBRBQFXnhwwZ4s9QVXpVpycQQACBdBJ45JFH7L///a9v0kUXXWSnnXaaX2cBAQQQQACBbBXQKNj33jN79dX0T/TusYcFny3Mvv/egunfzEqTZcrWv5b0K80F+F8vzd8gmocAAggkQuCyyy4zVaF3oer0qlJPIIAAAukg8Oeff1qXLl18UyoHz3jefffdfp0FBBBAAAEEoiDQrNnmRO+HH5q1amUW1BlNm1AS+qGHzH74weymm8x22CFtmkZDEIikAAneSL7tdBoBBBDQ419jg18S/++3RFWpV7V6AgEEEEi1wK233mq//fabb8bAgQNt99139+ssIIAAAgggECWBY481C8Zj2M8/mw0fbtawYWp6X6OGBU/+bS6eFpTysH//O72SzqlR4a4IpIcACd70eB9oBQIIIJB0AVWhVxLFharUK4lCIIAAAqkU+OCDD+z+++/3TWjQoEHwyGdrv84CAggggAACURWoWtWsY0ez4Eel/fijBcWSzc4910xz9yYiypbdnEy+447N8wLrnkOHmh1+eCLuxjURQGBbBErFgtiWC3Bu8gRatmxpkyZNCm/YuHFjmzp1avJuzp0QQCArBTRi97DDDjMldxUa0Ttr1ixT8pdAAAEEki2wYcMGq1+/vs2ePTu89XbbbWeffPKJHXHEEcluCvdDAAEEEEAgYwSU1Zkzx0yjaoNf5e2LL8y++85swQKz9esL1w3NpVurltkhh5jVq2fBz2MzTcNAbdPC+XEUAqkWKJPqBnB/BBBAAIHUCagavarSN23aNGyEqtVrqga+QErde8KdEYiywLBhw3xyVw4dg2FKJHej/DeCviOAAAIIFEagVCmz2rU3/4k/ftMms2Bae1uyxGzZMrO1azcnfIPvT618ebMddzTTqOBq1ZhqId6NZQQyUYARvBn0rjGCN4PeLJqKQIYJXHzxxcG8Xk/4Vk+YMMFUiI1AAAEEkiXwY/Dc56GHHmqrVq0Kb1kjmOjv66+/tooVKyarCdwHAQQQQAABBBBAAIGMFGAO3ox822g0AgggULICqk6vKvUuVL1eVewJBBBAIFkCHTp08Mld3XPEiBEkd5OFz30QQAABBBBAAAEEMlqABG9Gv300HgEEECgZAVWnHzBggL+Yqtd37drVr7OAAAIIJFLg+eeft5deesnf4p///Kc1b97cr7OAAAIIIIAAAggggAACBQuQ4C3Yhj0IIIBApATatGljqlbv4r777rMPP/zQrfKKAAIIJERg5cqV4Vy77uIVKlSwUaNGuVVeEUAAAQQQQAABBBBAYCsCJHi3AsRuBBBAICoCpUuXtvHjx5uq1itiQTne1q1bm6raEwgggECiBG6//XZbuHChv7zW99lnH7/OAgIIIIAAAggggAACCGxZgATvln3YiwACCERKQNXqVbXexezZs01V7QkEEEAgEQKff/65DR8+3F+6bt261rlzZ7/OAgIIIIAAAggggAACCGxdgATv1o04AgEEEIiUQJ8+fUzV61307t3bVN2eQAABBEpSYNOmTeFTAhs3bgwvW6pUKRs3bpyVKVOmJG/DtRBAAAEEEEAAAQQQyHoBErxZ/xbTQQQQQKBoAhUrVgyr17uzVq1aZddff71b5RUBBBAoEYF7773XPvroI3+tq6++2ho1auTXWUAAAQQQQAABBBBAAIHCCZDgLZwTRyGAAAKRElD1elWxd/Hiiy+aqtwTCCCAQEkI/Prrr9atWzd/qV133dUGDRrk11lAAAEEEEAAAQQQQACBwguQ4C28FUcigAACkRJQFXtVs3ehuXlV7Z5AAAEEtlVA8+wuW7bMX2bIkCFWpUoVv84CAggggAACCCCAAAIIFF6ABG/hrTgSAQQQiJSAqtirmr0LVbmPX3fbeUUAAQSKIvDGG2/Y448/7k85+eST7fLLL/frLCCAAAIIIIAAAggggEDRBEjwFs2LoxFAAIFICWiUnarauxgxYoSp6j2BAAIIFEdg7dq11q5dO39quXLlbOzYsX6dBQQQQAABBBBAAAEEECi6AAneoptxBgIIIBAZAVWzV1V7VbdXbNiwwdq0aWOxWCwyBnQUAQRKTmDgwIH2zTff+Avecsstdsghh/h1FhBAAAEEEEAAAQQQQKDoAiR4i27GGQgggECkBFTVXtXtXUybNs3Gjx/vVnlFAAEECiUwb948u/POO/2x+++/v912221+nQUEEEAAAQQQQAABBBAongAJ3uK5cRYCCCAQKQFVt1eVexfdunWzX3/91a3yigACCGxVQFMzaIoGF2PGjLHtt9/erfKKAAIIIIAAApeA/wYAAEAASURBVAgggAACxRQgwVtMOE5DAAEEoiSg6vaqcu9i2bJlpvl5CQQQQKAwAo899phNnTrVH3rhhRda06ZN/ToLCCCAAAIIIIAAAgggUHwBErzFt+NMBBBAIFICqnKvavcuHn/88RwJG7edVwQQQCBeIPcXQpUrV7Zhw4bFH8IyAggggAACCCCAAAIIbIMACd5twONUBBBAIGoCqnavqvcu2rZtm+ORa7edVwQQQMAJdO3a1X777Te3av3797c99tjDr7OAAAIIIPD/27sPMCuqs3Hg7wLSBMSCvWtUsCeaxBZLihqNMdFYPk1iooaOoDRRLIgUsSJlsbcU46cxscWS2DVqYu+9EStWVEBg/3fWj/MXBGRhy507v3kenz3v3Jkz5/2d6y777twzBAgQIECAwJIJKPAumZ+zCRAgUCiB7Gn32VPv52zPPfdcjBw5ck7oKwECBOYSyB7KeM4556R9W2+9dWR/GLIRIECAAAECBAgQIFB/Agq89WepJwIECBRCIHvq/XrrrZdyHTVqVDz77LMp1iBAgEAmMHPmzOjatWvU1NTUgjRv3jwmTZoUzZr556d3CAECBAgQIECAAIH6FPAv7PrU1BcBAgQKIJA99X78+PEp0+nTp0ePHj1SrEGAAIFM4KyzzopHH300YfTq1Su23HLLFGsQIECAAAECBAgQIFA/Agq89eOoFwIECBRKYNddd439998/5fyPf/wjfv/736dYgwCBYgu89tprcfzxxyeE1VZbLU466aQUaxAgQIAAAQIECBAgUH8CCrz1Z6knAgQIFErgjDPOiGWWWSblfNRRR8UHH3yQYg0CBIor0Lt37/jkk08SQHY3b/v27VOsQYAAAQIECBAgQIBA/Qko8NafpZ4IECBQKIFVVlklTj755JTzW2+9FYMHD06xBgECxRT429/+Fn/9619T8nvssUfss88+KdYgQIAAAQIECBAgQKB+BRR469dTbwQIECiUQPfu3WPrrbdOOZ9zzjnxr3/9K8UaBAgUSyC7aze7e3fO1rZt2xg3btyc0FcCBAgQIECAAAECBBpAQIG3AVB1SYAAgaIINGvWLKqrq6N58+a1KdfU1ES3bt1i5syZRSGQJwECXxI44YQT4tVXX017hg4dGmuvvXaKNQgQIECAAAECBAgQqH8BBd76N9UjAQIECiXwzW9+M3r16pVyfuSRRyJbb9NGgECxBB599NE488wzU9Ibb7xxZGtz2wgQIECAAAECBAgQaFgBBd6G9dU7AQIECiFw0kknxWqrrZZyPf744+O1115LsQYBApUtMO/d+1VVVbV39y+11FKVnbjsCBAgQIAAAQIECJSBgAJvGUyCIRAgQCDvAu3bt5/rrt151+HMe37GT4DAwgWy9bfvvffedNBvf/vb2H777VOsQYAAAQIECBAgQIBAwwko8DacrZ4JECBQKIF99tknfvzjH6ec//rXv8bf/va3FGsQIFCZAm+//XYcffTRKbkVVlghRo8enWINAgQIECBAgAABAgQaVkCBt2F99U6AAIFCCYwfPz7atm2bcu7du3dkd/PaCBCoXIFsnd33338/JThmzJhYfvnlU6xBgAABAgQIECBAgEDDCijwNqyv3gkQIFAogbXXXjuGDh2acn711VfjhBNOSLEGAQKVJfDPf/4zLrvsspTUjjvuGIccckiKNQgQIECAAAECBAgQaHgBBd6GN3YFAgQIFEogu5tv4403TjmfeeaZ8eijj6ZYgwCByhCYPn16dO/ePSXTsmXLmDhxYoo1CBAgQIAAAQIECBBoHAEF3sZxdhUCBAgURmCppZaK6urqqKqqqs155syZ0a1bt6ipqSmMgUQJFEFg1KhR8eyzz6ZU+/fvH507d06xBgECBAgQIECAAAECjSOgwNs4zq5CgACBQglsv/328Zvf/CblfO+998a5556bYg0CBPIt8Nxzz8XIkSNTEuuuu24ce+yxKdYgQIAAAQIECBAgQKDxBBR4G8/alQgQIFAogVNOOSVWWGGFlPPgwYPj7bffTrEGAQL5FejRo0dkSzTM2bIHLLZp02ZO6CsBAgQIECBAgAABAo0ooMDbiNguRYAAgSIJLL/88jFmzJiU8vvvvx/Z+rw2AgTyLfCHP/whbrnllpTEfvvtF7vttluKNQgQIECAAAECBAgQaFwBBd7G9XY1AgQIFErgkEMOie9973sp58suuyz++c9/pliDAIF8CXzwwQdx5JFHpkF36NAhsgcp2ggQIECAAAECBAgQaDoBBd6ms3dlAgQIFEIge+Ba9uC1OVv37t3n+mj3nP2+EiBQ/gJDhgyJt956Kw305JNPjlVWWSXFGgQIECBAgAABAgQINL6AAm/jm7siAQIECiXQuXPnGDBgQMr52WefjdGjR6dYgwCBfAjcd999MWnSpDTYrbbaKrK1eG0ECBAgQIAAAQIECDStgAJv0/q7OgECBAohcOyxx8a6666bch0xYkQ8//zzKdYgQKC8BWbNmhXdunWL2bNn1w60efPmkd2d36yZf0qW98wZHQECBAgQIECAQBEE/Ku8CLMsRwIECDSxQJs2bWL8+PFpFNOnT49sqQYbAQL5EDjrrLPi4YcfToPt2bNnfOtb30qxBgECBAgQIECAAAECTSegwNt09q5MgACBQgnstttusd9++6Wcb7nllvjjH/+YYg0CBMpT4PXXX4/jjz8+DW7VVVeN4cOHp1iDAAECBAgQIECAAIGmFVDgbVp/VydAgEChBM4888zo0KFDyrlfv37xwQcfpFiDAIHyE+jdu3dMnTo1DSy7m7d9+/Yp1iBAgAABAgQIECBAoGkFFHib1t/VCRAgUCiBVVZZZa47/956660YMmRIoQwkSyBPAtdcc01cffXVaci777577LvvvinWIECAAAECBAgQIECg6QUUeJt+DoyAAAEChRLI1u7caqutUs6TJk2K++67L8UaBAiUh8Cnn34a2d27c7Z519Kes99XAgQIECBAgAABAgSaVkCBt2n9XZ0AAQKFE2jWrFlUV1dH9jXbZs+eHd26dYtZs2YVzkLCBMpZ4IQTTohXXnklDXHo0KGxzjrrpFiDAAECBAgQIECAAIHyEFDgLY95MAoCBAgUSuBb3/pW9OrVK+X88MMPR7aup40AgfIQeOyxx+KMM85Ig+nSpUv0798/xRoECBAgQIAAAQIECJSPgAJv+cyFkRAgQKBQAieddFKsuuqqKefjjz8+Xn/99RRrECDQNAI1NTW1d9XPnDmzdgBVVVW1d90vtdRSTTMgVyVAgAABAgQIECBAYKECCrwL5fEiAQIECDSUQIcOHeLMM89M3U+dOjX69OmTYg0CBJpG4Lzzzot77rknXfyQQw6JHXbYIcUaBAgQIECAAAECBAiUl4ACb3nNh9EQIECgUAK/+MUvYvfdd085/+Uvf4lrrrkmxRoECDSuwDvvvBODBg1KF11++eVjzJgxKdYgQIAAAQIECBAgQKD8BBR4y29OjIgAAQKFEhg/fny0adMm5dy7d+/49NNPU6xBgEDjCRx11FHx/vvvpwtmxd2syGsjQIAAAQIECBAgQKB8BRR4y3dujIwAAQKFEFhnnXVi6NChKddXXnklTjzxxBRrECDQOAK33nprXHrppeli2bIM2fIMNgIECBAgQIAAAQIEyltAgbe858foCBAgUAiB/v37R5cuXVKup59+ejz22GMp1iBAoGEFZsyYEd27d08XyR6oVl1dHdkD1mwECBAgQIAAAQIECJS3gAJvec+P0REgQKAQAlkxaeLEiamYNHPmzOjWrVvU1NQUIn9JEmhqgdGjR8czzzyThjHvH13SCxoECBAgQIAAAQIECJSdgAJv2U2JAREgQKCYAt/73vfm+jj4PffcE+edd14xMWRNoBEFnn/++RgxYkS64rzLpqQXNAgQIECAAAECBAgQKEsBBd6ynBaDIkCAQDEF5n2g0+DBg+Odd94pJoasCTSSQM+ePWPatGnpavM++DC9oEGAAAECBAgQIECAQFkKKPCW5bQYFAECBIopsPzyy0dW5J2zvffee3HUUUfNCX0lQKCeBf70pz/FTTfdlHrdd999Y/fdd0+xBgECBAgQIECAAAEC5S+gwFv+c2SEBAgQKJTAIYccEjvssEPK+dJLL41bb701xRoECNSPwIcffhj9+vVLnbVv3z7OOuusFGsQIECAAAECBAgQIJAPAQXefMyTURIgQKAwAlVVVVFdXR3Zg9fmbN27d48ZM2bMCX0lQKAeBIYMGRJvvvlm6mn48OGx6qqrpliDAAECBAgQIECAAIF8CCjw5mOejJIAAQKFEujSpUv0798/5fzMM8/E6NGjU6xBgMCSCdx///21f0iZ08s3v/nNyNbitREgQIAAAQIECBAgkD8BBd78zZkREyBAoBACQ4cOjXXWWSflOmLEiHjhhRdSrEGAwOIJzJo1K7p16xazZ8+u7aBZs2YxadKkaN68+eJ16CwCBAgQIECAAAECBJpUQIG3SfldnAABAgQWJNCmTZsYN25cennatGnRo0ePFGsQILB4AmeffXY89NBD6eTs/6utttoqxRoECBAgQIAAAQIECORLQIE3X/NltAQIECiUwI9//OPYd999U8433XRT/OlPf0qxBgECdROYPHlyHHfccemkVVZZJU4++eQUaxAgQIAAAQIECBAgkD8BBd78zZkREyBAoFACZ511VrRv3z7l3K9fv/jwww9TrEGAwKIL9OnTJz7++ON0wplnnhkdOnRIsQYBAgQIECBAgAABAvkTUODN35wZMQECBAolsOqqq8bw4cNTzm+++WYMGTIkxRoECCyawHXXXRdXXXVVOni33XaL/fbbL8UaBAgQIECAAAECBAjkU0CBN5/zZtQECBAolEDPnj3jm9/8Zsq5uro6HnjggRRrECCwcIFPP/00evXqlQ7K1rgeP358ijUIECBAgAABAgQIEMivgAJvfufOyAkQIFAYgebNm8ekSZOiWbMvfmzNnj07unbtGrNmzSqMgUQJLInAsGHD4uWXX05dHHPMMbHuuuumWIMAAQIECBAgQIAAgfwKKPDmd+6MnAABAoUS2GqrraJHjx4p54ceeijOPvvsFGsQIDB/gccffzxOP/309GLnzp1jwIABKdYgQIAAAQIECBAgQCDfAgq8+Z4/oydAgEChBE4++eRYZZVVUs7HHXdcTJ48OcUaBAjMLVBTUxPdunWLzz//PL0wceLEaNmyZYo1CBAgQIAAAQIECBDIt4ACb77nz+gJECBQKIEOHTrEmWeemXL++OOPo0+fPinWIEBgboELLrgg7r777rTzkEMOiR133DHFGgQIECBAgAABAgQI5F9AgTf/cygDAgQIFEpgv/32i1133TXlfNVVV8V1112XYg0CBL4QePfdd2PgwIGJY7nllosxY8akWIMAAQIECBAgQIAAgcoQUOCtjHmUBQECBAolMGHChGjdunXKuVevXvHpp5+mWIMAgYj+/fvHe++9lyhOOeWUWGGFFVKsQYAAAQIECBAgQIBAZQgo8FbGPMqCAAEChRJYd91149hjj005v/zyyzFs2LAUaxAousDtt98eF198cWLYfvvt47e//W2KNQgQIECAAAECBAgQqBwBBd7KmUuZECBAoFACAwYMiM6dO6ecTz/99HjiiSdSrEGgqAIzZsyofbDanPyXWmqpqK6ujqqqqjm7fCVAgAABAgQIECBAoIIEFHgraDKlQoAAgSIJtGzZMiZOnJhS/vzzz2uLWjU1NWmfBoEiCmRLMTz99NMp9SOPPDI23njjFGsQIECAAAECBAgQIFBZAgq8lTWfsiFAgEChBHbcccf49a9/nXK+66674oILLkixBoGiCbzwwgtx8sknp7TXXnvtOO6441KsQYAAAQIECBAgQIBA5Qko8FbenMqIAAEChRI49dRTY7nllks5Dxw4MN59990UaxAokkDPnj1j2rRpKeVx48ZF27ZtU6xBgAABAgQIECBAgEDlCSjwVt6cyogAAQKFElhhhRUi+0j6nO29996L/v37zwl9JVAYgcsvvzxuvPHGlO8+++wTe+yxR4o1CBAgQIAAAQIECBCoTAEF3sqcV1kRIECgUAK//e1vY/vtt085X3zxxXH77benWINApQt89NFH0a9fv5Rm+/bt46yzzkqxBgECBAgQIECAAAEClSugwFu5cyszAgQIFEagqqoqqqurY6mllko5d+/ePWbMmJFiDQKVLHDMMcfEG2+8kVIcNmxYrLbaainWIECAAAECBAgQIECgcgUUeCt3bmVGgACBQglsvPHGceSRR6acn3rqqRgzZkyKNQhUqsC///3vmDBhQkpvyy23jN69e6dYgwABAgQIECBAgACByhZQ4K3s+ZUdAQIECiVw3HHHxdprr51yHj58eLz44osp1iBQaQKzZs2Krl27xuzZs2tTa9asWUyaNCmaN29eaanKhwABAgQIECBAgACBBQgo8C4Axm4CBAgQyJ9A27ZtY9y4cWng06ZNix49eqRYg0ClCWTv9wcffDCllS1NsvXWW6dYgwABAgQIECBAgACByhdQ4K38OZYhAQIECiWwxx57xM9//vOU84033hh//vOfU6xBoFIEJk+eHEOHDk3prLzyynHyySenWIMAAQIECBAgQIAAgWIIKPAWY55lSYAAgUIJjB07Ntq3b59y7tu3b3z00Ucp1iBQCQLZ+/rjjz9OqZx55pmxzDLLpFiDAAECBAgQIECAAIFiCCjwFmOeZUmAAIFCCay22moxbNiwlPMbb7wRxxxzTIo1CORd4Prrr4///d//TWn86Ec/iv333z/FGgQIECBAgAABAgQIFEdAgbc4cy1TAgQIFEqgd+/eseWWW6acJ0yYEP/+979TrEEgrwKfffZZ9OrVKw2/devWkb2/bQQIECBAgAABAgQIFFNAgbeY8y5rAgQIVLxA8+bNY9KkSdGs2Rc/6mbPnh1du3aNWbNmVXzuEqxsgezu9Jdeeiklmd2dvt5666VYgwABAgQIECBAgACBYgko8BZrvmVLgACBQglsvfXW0a1bt5Tzgw8+GOPHj0+xBoG8CTz55JNx2mmnpWFvtNFGMXDgwBRrECBAgAABAgQIECBQPAEF3uLNuYwJECBQKIERI0bEyiuvnHI+9thj47///W+KNQjkRaCmpqb2Dxaff/55GvLEiROjZcuWKdYgQIAAAQIECBAgQKB4Agq8xZtzGRMgQKBQAssss0ycccYZKeePP/44jjjiiBRrEMiLwIUXXhh33nlnGu6vfvWr2GmnnVKsQYAAAQIECBAgQIBAMQUUeIs577ImQIBAoQQOOOCA+NGPfpRy/t///d+4/vrrU6xBoNwF3n333bmWYlhuueXi1FNPLfdhGx8BAgQIECBAgAABAo0goMDbCMguQYAAAQJNLzBhwoRo3bp1GkivXr3is88+S7EGgXIWGDBgQEyZMiUNcfTo0dGpU6cUaxAgQIAAAQIECBAgUFwBBd7izr3MCRAgUCiB9dZbL4YMGZJyfumll+Kkk05KsQaBchW444474qKLLkrD22677eLQQw9NsQYBAgQIECBAgAABAsUWUOAt9vzLngABAoUSGDRoUGy44YYp5+wj7k8++WSKNQiUm0D2QLVu3bqlYbVo0SKqq6ujqqoq7dMgQIAAAQIECBAgQKDYAgq8xZ5/2RMgQKBQAi1btqwtjs1Jek7xrKamZs4uXwmUlcCYMWPiqaeeSmM68sgjY5NNNkmxBgECBAgQIECAAAECBBR4vQcIECBAoFACO+20U/zqV79KOd95551x4YUXpliDQLkIvPjiizF8+PA0nLXWWiuOP/74FGsQIECAAAECBAgQIEAgE1Dg9T4gQIAAgcIJZEszLLfccinvgQMHzvUAq/SCBoEmFJj3QYDjxo2Ltm3bNuGIXJoAAQIECBAgQIAAgXIUUOAtx1kxJgIECBBoUIFOnTrF6NGj0zWmTJkSAwYMSLEGgaYWuOKKK+KGG25Iw/jZz34We+65Z4o1CBAgQIAAAQIECBAgMEdAgXeOhK8ECBAgUCiBQw89NLbddtuU80UXXRR33HFHijUINJXARx99FH379k2Xb9euXYwdOzbFGgQIECBAgAABAgQIEPiygALvlzW0CRAgQKAwAlVVVbUPXGvRokVtztmD1rp37x7Zg9dsBJpS4Nhjj43//ve/aQjDhg2L1VdfPcUaBAgQIECAAAECBAgQ+LKAAu+XNbQJECBAoFACm266aRx55JEp5yeffDLGjBmTYg0CjS3wn//8J8aPH58uu8UWW0SfPn1SrEGAAAECBAgQIECAAIF5BRR45xUREyBAgEChBI4//vhYa621Us7Dhw+Pl156KcUaBBpLYPbs2dG1a9fIvmZbs2bNYtKkSdG8efPGGoLrECBAgAABAgQIECCQQwEF3hxOmiETIECAQP0JtG3bNs4+++zU4WeffRY9e/ZMsQaBxhLI7tzN7uCds2XF3m9/+9tzQl8JECBAgAABAgQIECAwXwEF3vmy2EmAAAECRRL4yU9+Ej/72c9SyjfccENcccUVKdYg0NAC2Zq72dq7c7aVV145Ro4cOSf0lQABAgQIECBAgAABAgsUUOBdII0XCBAgQKBIAmPHjo127dqllPv27RsfffRRijUINKTAvO+3008/PZZZZpmGvKS+CRAgQIAAAQIECBCoEAEF3gqZSGkQIECAwJIJrL766jFs2LDUybx3VKYXNAjUs8Df//73ue4Y/+EPfxgHHnhgPV9FdwQIECBAgAABAgQIVKqAAm+lzqy8CBAgQKDOAn369IktttginTdhwoS51kRNL2gQqCeBedd8bt26dWTvOxsBAgQIECBAgAABAgQWVUCBd1GlHEeAAAECFS/QvHnzqK6ujmbNvvjxOGvWrOjWrVvMnj274nOXYNMIDB8+PF588cV08aOPPjrWX3/9FGsQIECAAAECBAgQIEDg6wQUeL9OyOsECBAgUCiB73znO9G1a9eU87///e8YP358ijUI1JfAU089FWPGjEndbbjhhjFo0KAUaxAgQIAAAQIECBAgQGBRBBR4F0XJMQQIECBQKIERI0bESiutlHI+9thjI1uT10agPgWyu8M///zz1GW2NEOrVq1SrEGAAAECBAgQIECAAIFFEVDgXRQlxxAgQIBAoQQ6duwYZ5xxRsr5o48+ir59+6ZYg8CSClx00UVxxx13pG4OPvjg2GWXXVKsQYAAAQIECBAgQIAAgUUVUOBdVCnHESBAgEChBA488MD4wQ9+kHK+4oor4u9//3uKNQgsrsCUKVNiwIAB6fRll102TjvttBRrECBAgAABAgQIECBAoC4CCrx10XIsAQIECBRKYOLEiXN9ZL5nz57x2WefFcpAsvUvMHDgwHj33XdTx6NGjYoVV1wxxRoECBAgQIAAAQIECBCoi4ACb120HEuAAAEChRJYf/31Y8iQISnnF198MYYPH55iDQJ1FbjzzjvjwgsvTKdts802cfjhh6dYgwABAgQIECBAgAABAnUVUOCtq5jjCRAgQKBQAoMGDYoNNtgg5XzqqafGU089lWINAosqkD1QrXv37lFTU1N7SosWLaK6ujqqqqoWtQvHESBAgAABAgQIECBA4CsCCrxfIbGDAAECBAj8f4FWrVpFtlTDnG3GjBnRrVu3OaGvBBZZIFtn94knnkjHZw/u22yzzVKsQYAAAQIECBAgQIAAgcURUOBdHDXnECBAgEChBHbZZZc4+OCDU8533HFHXHTRRSnWIPB1Ai+99FIMGzYsHbbmmmvGCSeckGINAgQIECBAgAABAgQILK6AAu/iyjmPAAECBAolkN19ueyyy6acBwwYEFOmTEmxBoGFCfTq1WuuB/SdffbZsfTSSy/sFK8RIECAAAECBAgQIEBgkQQUeBeJyUEECBAgUHSBFVdcMUaNGpUY3n333Rg4cGCKNQgsSODKK6+M66+/Pr289957x1577ZViDQIECBAgQIAAAQIECCyJgALvkug5lwABAgQKJXD44YfHNttsk3K+8MIL46677kqxBoF5BT7++OM44ogj0u7srt2xY8emWIMAAQIECBAgQIAAAQJLKqDAu6SCzidAgACBwghUVVVFdXV1tGjRojbnmpqa2geuff7554UxkGjdBIYOHRqTJ09OJ5144omxxhprpFiDAAECBAgQIECAAAECSyqgwLukgs4nQIAAgUIJbLbZZtG3b9+U8xNPPBHZ+rw2AvMKPPjggzFu3Li0e/PNN5/rbt70ggYBAgQIECBAgAABAgSWQECBdwnwnEqAAAECxRQ44YQTYs0110zJn3TSSfHyyy+nWIPA7Nmza+/unjVrVi3GvHd/EyJAgAABAgQIECBAgEB9CSjw1pekfggQIECgMALZOqpnn312yvfTTz+Nnj17pliDwIQJE+KBBx5IEF27do3vfve7KdYgQIAAAQIECBAgQIBAfQko8NaXpH4IECBAoFACe+21V/z0pz9NOV9//fVx5ZVXplijuAJvvPFGHHPMMQlgpZVWipEjR6ZYgwABAgQIECBAgAABAvUpoMBbn5r6IkCAAIFCCWR38WZ3887ZjjjiiPj444/nhL4WVKBfv37x0UcfpeyzNZo7duyYYg0CBAgQIECAAAECBAjUp4ACb31q6osAAQIECiWwxhprxIknnphynjx5cgwdOjTFGsUTuPHGG+Pyyy9PiX//+9+Pgw46KMUaBAgQIECAAAECBAgQqG8BBd76FtUfAQIECBRKILtrd/PNN085jxs3Lh588MEUaxRHYNq0aXOtxdyqVauYOHFicQBkSoAAAQIECBAgQIBAkwgo8DYJu4sSIECAQKUItGjRIqqrq6Oqqqo2pVmzZkW3bt1i9uzZlZKiPBZRYPjw4fHCCy+ko48++uj4xje+kWINAgQIECBAgAABAgQINISAAm9DqOqTAAECBAol8N3vfjd+97vfpZwfeOABd24mjWI0nn766RgzZkxKNivsDh48OMUaBAgQIECAAAECBAgQaCgBBd6GktUvAQIECBRKYNSoUbHSSiulnI855ph44403UqxR2QLdu3ePGTNmpCSzpRmyJRpsBAgQIECAAAECBAgQaGgBBd6GFtY/AQIECBRCoGPHjnHaaaelXD/88MPo169fijUqV+Diiy+O2267LSWYPVQte7iajQABAgQIECBAgAABAo0hoMDbGMquQYAAAQKFEJi3sHf55ZfHjTfeWIjci5rke++9FwMGDEjpz1voTy9oECBAgAABAgQIECBAoIEEFHgbCFa3BAgQIFBMgQkTJsz10fyePXvGtGnTiolRgKwHDhwY77zzTsp03qU60gsaBAgQIECAAAECBAgQaCABBd4GgtUtAQIECBRTYIMNNpjr4VovvPBCnHzyycXEqPCs77777rjgggtSlvM+bC+9oEGAAAECBAgQIECAAIEGFFDgbUBcXRMgQIBAMQWOPvro+MY3vpGSP+WUU+Lpp59OsUb+BT7//PPo1q1b1NTU1CbTokWLqK6ujqqqqvwnJwMCBAgQIECAAAECBHIloMCbq+kyWAIECBDIg0CrVq1i4sSJaagzZsyI7t27p1gj/wKnn356PP744ymRI444IjbffPMUaxAgQIAAAQIECBAgQKCxBBR4G0vadQgQIECgUALf//73I3vo2pzttttui4svvnhO6GuOBV5++eUYNmxYymCNNdaIE088McUaBAgQIECAAAECBAgQaEwBBd7G1HYtAgQIECiUwGmnnRYdO3ZMOQ8YMCDee++9FGvkU6B3797x6aefpsGfffbZsfTSS6dYgwABAgQIECBAgAABAo0poMDbmNquRYAAAQKFElhppZVi5MiRKed33nknBg0alGKN/AlcddVVce2116aB77XXXvHTn/40xRoECBAgQIAAAQIECBBobAEF3sYWdz0CBAgQKJRA165d47vf/W7K+fzzz4+77747xRr5EZg6dWpka+3O2bK7drO7d20ECBAgQIAAAQIECBBoSgEF3qbUd20CBAgQqHiBqqqqqK6ujhYtWtTmWlNTE926dYuZM2dWfO6VluDQoUPj9ddfT2mdcMIJseaaa6ZYgwABAgQIECBAgAABAk0hoMDbFOquSYAAAQKFEth8882jT58+KefHH388svV5bfkReOihh+a6W3ezzTaLvn375icBIyVAgAABAgQIECBAoGIFFHgrdmolRoAAAQLlJHDiiSfGGmuskYY0bNiweOWVV1KsUb4Cs2fPrr3retasWbWDnPeu7PIduZERIECAAAECBAgQIFAEAQXeIsyyHAkQIECgyQXatWsXY8eOTeP49NNPo1evXinWKF+BbImN+++/Pw3w8MMPj2222SbFGgQIECBAgAABAgQIEGhKAQXeptR3bQIECBAolMDee+8de+21V8r52muvjauuuirFGuUn8Oabb8aQIUPSwFZcccUYNWpUijUIECBAgAABAgQIECDQ1AIKvE09A65PgAABAoUSOPvss2PppZdOOR9xxBExderUFGuUl0C/fv3iww8/TIPK1k5edtllU6xBgAABAgQIECBAgACBphZQ4G3qGXB9AgQIECiUwJprrhknnHBCyvn111+P4447LsUa5SNw8803x5/+9Kc0oF122SUOPvjgFGsQIECAAAECBAgQIECgHAQUeMthFoyBAAECBAol0Ldv39h0001TztnavA8//HCKNZpeYNq0adGjR480kFatWsXEiRNTrEGAAAECBAgQIECAAIFyEVDgLZeZMA4CBAgQKIxAixYtYtKkSVFVVVWb86xZs6Jr164xe/bswhiUe6IjRoyI559/Pg1z0KBBscEGG6RYgwABAgQIECBAgAABAuUioMBbLjNhHAQIECBQKIFtttkmDj/88JTz/fffH9XV1SnWaDqBZ555JkaPHp0GsP7668fRRx+dYg0CBAgQIECAAAECBAiUk4ACbznNhrEQIECAQKEERo0aFSuuuGLKeciQIfHmm2+mWKNpBLp37x4zZsxIF58wYUK0bt06xRoECBAgQIAAAQIECBAoJwEF3nKaDWMhQIAAgUIJLLvssnHaaaelnD/88MM48sgjU6zR+AKXXnpp3HrrrenCBx54YPzwhz9MsQYBAgQIECBAgAABAgTKTUCBt9xmxHgIECBAoFACBx98cOyyyy4p5z/+8Y9x8803p1ij8QTef//9OOqoo9IFO3bsGGeccUaKNQgQIECAAAECBAgQIFCOAgq85TgrxkSAAAEChRLIlgBo2bJlyrlHjx4xbdq0FGs0jkD2ILV33nknXSx70NpKK62UYg0CBAgQIECAAAECBAiUo4ACbznOijERIECAQKEENtxwwxg8eHDK+fnnn4+suGhrPIF77rknzjvvvHTB73znO9G1a9cUaxAgQIAAAQIECBAgQKBcBRR4y3VmjIsAAQIECiVw9NFHx/rrr59yHj16dDzzzDMp1mg4gZkzZ0a3bt2ipqam9iLNmzeP6urqaNbMP5MaTl3PBAgQIECAAAECBAjUl4DfXOpLUj8ECBAgQGAJBFq3bh3ZUg1zthkzZkT37t3nhL42oEC2zu5jjz2WrtCnT5/YYostUqxBgAABAgQIECBAgACBchZQ4C3n2TE2AgQIECiUwA9/+MM48MADU8633nprXHrppSnWqH+BV155JU488cTU8eqrrx7Dhg1LsQYBAgQIECBAgAABAgTKXUCBt9xnyPgIECBAoFACp59+eiyzzDIp5/79+8f777+fYo36Fejdu3d88sknqdOxY8dGu3btUqxBgAABAgQIECBAgACBchdQ4C33GTI+AgQIECiUwMorrxwjR45MOb/99tsxaNCgFGvUn8DVV18d11xzTepwzz33jJ/97Gcp1iBAgAABAgQIECBAgEAeBBR48zBLxkiAAAEChRLo2rVrfPvb3045n3feeXHPPfekWGPJBaZOnRrZWrtztrZt28a4cePmhL4SIECAAAECBAgQIEAgNwIKvLmZKgMlQIAAgaIINGvWLCZNmhTNmzevTbmmpia6desWM2fOLApBg+d5/PHHx2uvvZauk8VrrbVWijUIECBAgAABAgQIECCQFwEF3rzMlHESIECAQKEEtthii7nuMH3sscfijDPOKJRBQyX7yCOPxFlnnZW632STTeLII49MsQYBAgQIECBAgAABAgTyJKDAm6fZMlYCBAgQKJTAsGHDYvXVV085n3jiifHqq6+mWKPuArNnz45sCYxZs2bVnlxVVVV7t3SLFi3q3pkzCBAgQIAAAQIECBAgUAYCCrxlMAmGQIAAAQIE5ifQrl27GDt2bHrpk08+iV69eqVYo+4C55xzTtx3333pxMMOOyy23XbbFGsQIECAAAECBAgQIEAgbwIKvHmbMeMlQIAAgUIJ/OxnP4s999wz5XzNNdfE1VdfnWKNRRd466234uijj04ndOrUKUaNGpViDQIECBAgQIAAAQIECORRQIE3j7NmzAQIECBQKIFx48ZF27ZtU859+vSJqVOnplhj0QSydXY/+OCDdPCpp54ayy23XIo1CBAgQIAAAQIECBAgkEcBBd48zpoxEyBAgEChBNZaa604/vjjU86vvfbaXHF6QWOBArfcckv84Q9/SK/vtNNO8atf/SrFGgQIECBAgAABAgQIEMirgAJvXmfOuAkQIECgUALZ3aebbLJJyvmss86KRx55JMUaCxaYPn169OjRIx3QsmXLmDhxYoo1CBAgQIAAAQIECBAgkGcBBd48z56xEyBAgEBhBFq0aBHV1dVRVVVVm/OsWbOia9euMXv27MIYLG6iI0eOjOeeey6dPnDgwNhoo41SrEGAAAECBAgQIECAAIE8Cyjw5nn2jJ0AAQIECiWw3XbbxaGHHppyvu++++Kcc85JscZXBZ599tm5HqS23nrrxTHHHPPVA+0hQIAAAQIECBAgQIBATgUUeHM0cWussUZ06dKl9r+11147RyM3VAIECBCoL4HRo0dHp06dUndHH310vPXWWynWmFuge/fukS3RMGebMGFCtG7dek7oKwECBAgQIECAAAECBHIvUFVT2nKfhQQIECBAgECBBC655JL49a9/nTL+n//5n/j973+fYo0vBC677LL45S9/mTgOOOCA+OMf/5hiDQIECBAgQIAAAQIECFSCgAJvJcyiHAgQIECgcAI777xz3HbbbSnvm2++OX7wgx+kuOiN999/v3ad3bfffruWYplllomnn346Vl555aLTyJ8AAQIECBAgQIAAgQoTsERDhU2odAgQIECgGAITJ06Mli1bpmR79Ogx11IE6YWCNrKlK+YUdzOCESNGKO4W9L0gbQIECBAgQIAAAQKVLqDAW+kzLD8CBAgQqEiBjTbaKAYOHJhye+6552LkyJEpLnLj3nvvnevhc1tvvXV069atyCRyJ0CAAAECBAgQIECgggUs0VDBkys1AgQIEKhsgWnTpsUmm2wSL7zwQm2irVq1ikcffTQ22GCDyk58IdnNnDkzvvWtb9U6ZIc1b948Hnjggdhyyy0XcpaXCBAgQIAAAQIECBAgkF8Bd/Dmd+6MnAABAgQKLtC6deuYMGFCUpg+fXpkSzUUeTvzzDNTcTdz6N27t+Jukd8QcidAgAABAgQIECBQAAF38BZgkqVIgAABApUtcMABB8Tll1+ekrzsssvioIMOSnFRGq+++mp06dIlPvnkk9qUV1tttXjqqaeiffv2RSGQJwECBAgQIECAAAECBRRQ4C3gpEuZAAECBCpL4I033ojOnTvHhx9+WJvYiiuuGM8880x07NixshL9mmz23nvv+Otf/5qOuvLKK+PnP/95ijUIECBAgAABAgQIECBQiQKWaKjEWZUTAQIECBRKYJVVVomTTz65Nue2bdvGUUcdFe3atSuUQZZs165dY5111qnNe4899lDcLdw7QMIECBAgQIAAAQIEiingDt5izrusCRAgQKDCBGbPnh2DBg2KXr16xVprrVVh2S16Op999lmMGDEiDj300Fh77bUX/URHEiBAgAABAgQIECBAIKcCCrw5nTjDJkCAAAECBAgQIECAAAECBAgQIECAgCUavAcIECBAgAABAgQIECBAgAABAgQIECCQU4EWOR134YZd+sRpTJsWMX36F6m3bBnRunVEaalFGwECBAgQaFKBmpqamDp1auln1PSYMWNGtGjRIlq1ahVLL710bbtJB+fiBAgQIECAAAECBAgQqHABBd4ymuDnn494+OGIxx6LeO65iJdfjnjttYh33/2iuDu/oZZ+f44VVohYbbUoPVgmYv31Izbb7Iv/NtwwoqpqfmfZR4AAAQIE6iYwrfRXxodLP6QeK/2Qevzxx+PFF18s/Zx6Od56662YMmVKZGsAz2/r0KFDrLjiirXrAmcPQOvcuXNsuummseWWW5Z+fpV+gNkIECBAgAABAgQIECBAYIkErMG7RHxLdvILL0TccEPELbdE3H33F4XcJetx7rM7dozYbruIH/wgYrfdIjbaaO7XRQQIECBAYEECn3/+edxzzz2ln1M3xO233x7/+c9/IttXn9uGpb9E7rDDDrHrrruWflb9IDpmP7hsBAgQIECAAAECBAgQIFAnAQXeOnEt+cHZXbp/+EPEn/8c8cQTS95fXXr4xjci9t8/4sADI7p0qcuZjiVAgACBIgjMmjUrbr755rj88svjL3/5S3z44YeNlnbz5s1ri7z7l35Q7bPPPpHd+WsjQIAAAQIECBAgQIAAga8XUOD9eqMlPmLmzIgrr4yoro647bYl7q5eOth224iuXSMOOCAiW8/XRoAAAQLFFXjjjTdKP6Oq4/zzz4/Jkyc3OUSbNm1KP58OiJ49e8a3vvWtJh+PARAgQIAAAQIECBAgQKCcBRR4G3B2soeiZUXdM86IePXVBrzQEnS98soRfftG6ZfoiHbtlqAjpxIgQIBA7gSeKy34PnLkyLjsssvqffmF+sLYaaedYvDgwbXLONRXn/ohQIAAAQIECBAgQIBAJQko8DbAbJY+4RrnnBNx0kkRpZuicrEtv3zEkCERvXtHLLVULoZskAQIECCwmALZXbpDhw6Niy++eIEPR1vMrhvstO1Ki8qPHj26tLZ8aXF5GwECBAgQIECAAAECBAgkAQXeRFE/jX/9K6JHj4iHHqqf/hq7l9LDzWP8+Iidd27sK7seAQIECDS0wMzSmkFjx46N4447Lj755JOGvlyD9H/IIYfEKaecEp06dWqQ/nVKgAABAgQIECBAgACBvAko8NbTjE2ZEnH00RHnnltPHTZxN//zPxGnnRaRLeFgI0CAAIH8C9x1113RvXv3ePzxx3OfTMeOHWuXlvjd734XzZo1y30+EiBAgAABAgQIECBAgMCSCCjwLone/517660RBx4Y8dZb9dBZGXWx7LIRl1wSseeeZTQoQyFAgACBOglkd+0ec8wxtXe91unEHBy8yy67xO9///vSHyP9NTIH02WIBAgQIECAAAECBAg0kIDbXpYAdvbsiBNPjPj+9yuvuJuxvP9+xE9+EtG/f5QevrMEUE4lQIAAgSYReO2112LHHXesyOJuBvrPf/4zNt9887jllluaxNdFCRAgQIAAAQIECBAgUA4C7uBdzFl4552IAw7IfrlczA5ydtp3vxtxxRURq6+es4EbLgECBAoqcP3118fBBx9c+mNd6a91Fb5VVVXVPjTuhBNOiKxtI0CAAAECBAgQIECAQJEEFHgXY7Zfeinihz+MeOGFxTg5x6estlrETTdFdOmS4yQMnQABAgUQOP/88yNbn3Z29lGTAm0HHXRQXHjhhbHUUksVKGupEiBAgAABAgQIECBQdAFLNNTxHfDIIxHbbFO84m7GNHlyxPbbR9x7bx3RHE6AAAECjSYwYsSIOOywwwpX3M2As/V4f1JaW+iTTz5pNG8XIkCAAAECBAgQIECAQFMLuIO3DjNwxx1frEn70Ud1OKkCD23TJuLKKyN2370Ck5MSAQIEcipQU1MTffv2jbFjx+Y0g/ob9re//e244YYbYrnllqu/TvVEgAABAgQIECBAgACBMhVQ4F3EifnPfyJ22ili6tRFPKHCD2vVKuLGG6P08J4KT1R6BAgQyInAwIEDY8yYMTkZbcMP8zvf+U784x//iKWXXrrhL+YKBAgQIECAAAECBAgQaEIBSzQsAv5zz0Xstpvi7peppk+P2GuviGzJChsBAgQINK3A6aefrrg7zxTcd999se+++8bnn38+zytCAgQIECBAgAABAgQIVJaAO3i/Zj7feCNi220jXn75aw4s6MsrrfTFmrzrrFNQAGkTIECgiQUuu+yy+OUvf9nEoyjfyx988MFxySWXRFVVVfkO0sgIECBAgAABAgQIECCwBALu4F0I3owZX9ylqri7YKS33or48Y+j9ECbBR/jFQIECBBoGIF77rknfvOb3zRM5xXSa1YAP+mkkyokG2kQIECAAAECBAgQIEDgqwLu4P2qSdpzxBFRelhNCjUWIpDdPFa6QcpGgAABAo0k8N5778Xmm28er7/+eiNdMb+Xye7ezdbj3XnnnfObhJETIECAAAECBAgQIEBgAQIKvAuA+ctfIn7+8wW8aPd8BS64IEp3ks33JTsJECBAoB4FampqSuug7xXXXnttPfZa2V2tvPLKpXXjH4kVV1yxshOVHQECBAgQIECAAAEChROwRMN8pjxbkkGhcj4wX7OrZ8+IJ5/8moO8TIAAAQJLLJA9VE1xt26Mb775ZmTr8WbFcRsBAgQIECBAgAABAgQqScAdvPOZzWxN2RtumM8Ldn2tQPZAurvuitLDbL72UAcQIECAwGIIvPjii9GlS5eYPn36YpztlPPOOy8OPfRQEAQIECBAgAABAgQIEKgYAXfwzjOV2dIMirvzoNQhLD3vJy68sA4nOJQAAQIE6iTQu3dvxd06ic198KBBgyJbv9hGgAABAgQIECBAgACBShFQ4P3STH7ySUSfPl/aoblYAgMHRumX58U61UkECBAgsBCBv5T+Cnn99dcv5AgvfZ3AlClTYvDgwV93mNcJECBAgAABAgQIECCQGwEF3i9N1fDhUXoa+Zd2aC6WQOl35xgyZLFOdRIBAgQILEDgs88+iyOOOGIBr9pdF4Fzzz037r///rqc4lgCBAgQIECAAAECBAiUrYAC7/9NzX//G3HGGWU7T7kbWOl353juudwN24AJECBQtgLjx4+P1157rWzHl7eBuYs3bzNmvAQIECBAgAABAgQILEhAgff/ZEaOjNKahgtisr+uArNnR5x4Yl3PcjwBAgQIzE9g6tSpMWrUqPm9ZN9iCtx6661x2223LebZTiNAgAABAgQIECBAgED5CCjwlubi3XcjSg/VttWzwB//GPHyy/Xcqe4IECBQQIHzzz8/srVjbfUroGhev556I0CAAAECBAgQIECgaQQUeEvupU+9xrRpTTMBlXzV7C7es86q5AzlRoAAgYYXmDVrVmkJIWsINYT0jTfeGI899lhDdK1PAgQIECBAgAABAgQINJpA4Qu8pd+bY9KkRvMu3IUuuCCi9FwgGwECBAgspsD1118fr7zyymKe7bSvE5g4ceLXHeJ1AgQIECBAgAABAgQIlLVA4Qu8110X8cYbZT1HuR7cRx9F/PnPuU7B4AkQINCkAudmT620NZjAZZddFp9++mmD9a9jAgQIECBAgAABAgQINLRA4Qu8l1zS0MT6v/RSBgQIECCwOALvlhaJz+7gtTWcwMcffxx//etfG+4CeiZAgAABAgQIECBAgEADCxS6wFt6KHlkd/DaGlag9KDyePvthr2G3gkQIFCJAldddVVka/DaGlbgzz5q0rDAeidAgAABAgQIECBAoEEFCl3gveEGD1dr0HfX/3WePWzNzVGNIe0aBAhUmkBW4LU1vMANpX8QWKah4Z1dgQABAgQIECBAgACBhhEofIG3YVj1Oq9AVky3ESBAgMCiC3xWekLlbbfdtugnOHKxBaZPnx63Zh83sREgQIAAAQIECBAgQCCHAoUu8N54Yw5nLKdDvuWWKH3MOKeDN2wCBAg0gcDtt98eWeHR1jgCN910U+NcyFUIECBAgAABAgQIECBQzwIt6rm/3HT30ksR//1v+Q53mWUimjev+/iyWsAnn9T9vIY+o/QMm3j00Ygtt2zoK+mfAAEClSFw1113lV0iHTp0iBYt5v6nw4cffrjQdYLbtGkT2X9f3j4p/aAqt+L1nXfe+eUhahMgQIAAAQIECBAgQCA3AoW9g/fuu8t7jrLxTZlS9//Gji3fvMrdvHzljIwAgSIK3F2G3zQPP/zw0s+mKXP9d9xxxy1werJi8L/+9a+5jn/11Vdj5ZVXXuA5TfXCI488ElOzp6/aCBAgQIAAAQIECBAgkDOBwhZ4H3ooZzNVAcN98MGGT6KmpiZmZ091sxEgQCDnAg82xjfNOhqdeeaZ8cADD8x11uDBg2OjjTaaa9+coE+fPrHZZpvNCWu/HnvssfHKK6/Mta8cguxnx6PZR01sBAgQIECAAAECBAgQyJlAYQu8fodr/HfqY4813DVnzpwZZ511VnTq1ClWXHHFuPfeexvuYnomQIBAAwtkd7l+9NFHDXyVunc/q7SY+qGHHhqff/55Orlly5ZRXV2d4jmN1VZbLU488cQ5Ye3X+++/P8aW8UdNFHjnmi4BAQIECBAgQIAAAQI5EZh7Ib2cDLo+hvn00/XRS+P1cf31UfqY69df7+GHv/6Ypjriqaca5sp///vfo1+/fvH0lyZ1zJgxcdVVVzXMBfVKgACBBhZ4qqG+YdbDuB8r/bVu1KhRMXTo0NTbjjvuGL/5zW/iwgsvTPuyu33btWuX4qwofNhhh5X1pyy+/HMkDVyDAAECBAgQIECAAAECZS5QyALvjBkRkyeX+czMM7wbbogYN26enTkLs4e/vftuxAor1M/An3322TjyyCPjuuuu+0qHn3322Vf22UGAAIG8CLz88stlPdThw4fHvvvuG507d07jzP6wds0115S+z78bu+22W+3r6cVS45RTTomsOFzOW7m7l7OdsREgQIAAAQIECBAg0HQChVyi4fXXI0pLtdqaQKA+ll3Mntjev3//2GSTTeZb3G2CtFySAAEC9SpQjmvUfjnBGaW/lGZLNXx5zfPll18+Tj311GjdunXpD5Jz/0XymWeeiZNOOunLXZRlu9zdyxLNoAgQIECAAAECBAgQaHKBQhZ433mnyd0LO4DsDt7F3bJCwrnnnhsbbLBBnHbaaXOtAbm4fTqPAAEC5SjwTg5+UGVrnc9byP31r38dV1xxRay33nqJNXv45eGHHx7Tp09P+8q1kQf3crUzLgIECBAgQIAAAQIEmk6gkAXeKVOaDrzoV17cAu8dd9wRW221Vfzud7+Lt99+u+iM8idAoMIFpuTkB9WQIUNi3mUN9txzz7lm55xzzok777xzrn3lGmTLS9gIECBAgAABAgQIECCQN4FCrsE7dWrepiniJz+JWGWVhY87e4j5a68t/JimfjVbh7cu22ulhLKPAd988811Oa3k8FpkRQUbAQIEmlrgF7/4RSy77LJ1GsYndf1mWafe6+/gbJxdu3aNG2+8cb6d/ve//41BgwbN97Vy3JndZTxr1qxo3rx5OQ7PmAgQIECAAAECBAgQIDBfgUIWeLOHrOVt+9GPIrL/FraVnm1T9gXeunxCd2qpEr/11lvHW2+9tbC05/vaE088UVt0mO+LdhIgQKARBbbbbrs6F3jzsJzBHMKbbropLr744siWZ5h369mzZ2Trpudpy9YXbtOmTZ6GbKwECBAgQIAAAQIECBRcoJBLNJRuzrE1kUBd7F8vPQ1vcYq7TZSayxJHdLoUAAAVFklEQVQgQKDeBLK7SPO0ZevszrvNnDkznnzyyXl3l32cN/uyBzVAAgQIECBAgAABAgQaXKCQBd6WLRvc1QUWIFAX+4022ih++ctfLqAnuwkQIFC5Ai3r8s2yiRl23XXXOOSQQ74yihYtWsSFF14YzZrl658aebL/CrodBAgQIECAAAECBAgUUqCQSzTk6Pfm9Kbs3z8iW2N3Ydtnny3s1fJ4rVWruo3jkksuiYMOOij69esXTz311CKfnBUcrrvuukU+3oEECBBoKIHFWc+1VV2/WTbU4L+m3/bt2y90vfNtt902jjjiiDjjjDO+pqfyeXmppZYqn8EYCQECBAgQIECAAAECBBZBoJAF3o4dF0GmzA7J1q7NyTN3Fiq3OPZZsfbRRx+NCRMmxAknnBDvv//+Qq+RvVhVVeUhOV+r5AACBMpVoOPifLNsgmRGjx4da6655lxX/vjjjyMr/M7ZTj755Lj22mvjueeem7OrbL926NCh9udH2Q7QwAgQIECAAAECBAgQIDAfgXx9bnI+CSzOrhVWWJyznFMfAssvv3i9ZB/17dOnT22BoEePHoq3i8foLAIEciKw/OJ+s2zE/Hbcccfo1q3bXFe85557Ivuj3OzZs9P+7IFlF1xwQS6WaujUqVMatwYBAgQIECBAgAABAgTyIlDIAu/KK+dleipvnEtqnxU9xo8fHw8//HB8//vfrzwgGREgQKAksPKSfrNsYMWsaHv++efPdbfrjBkz4vDDD4977703zj777LlGsP3229f+kW6unWUYlLt7GZIZEgECBAgQIECAAAECZSBQyALvSitFtG5dBvoFHMLaa9dP0ptssknccsst8Ze//CXWXXfd+ulULwQIECgTgXXWWadMRjL/YQwfPjzWW2+9uV4cMWJEPPnkk7X7jjnmmHjllVfmej1bqmH99defa1+5BWvX1w+pckvMeAgQIECAAAECBAgQqGiBQhZ4sxlVE2z89/Wqq9Z/YX3vvfeuLSiMHDky2rVrl5Kat/CQXtAgQIBADgTK+Q9X3/3ud6Nv375zKT7xxBORfR+es31SWjR+3uUb2rZtW7tUQ7ZGerlu5exermbGRYAAAQIECBAgQIBA0wsUtsBbugHU1sgCDWWePW1+8ODB8eyzz8aAAQOif//+kT34x0aAAIG8CnTp0qUsh559v82WZmjW7P//8yFbb/ewww6LbImGL29///vf4/e///2Xd8UOO+wQvXv3nmtfOQXZp0NsBAgQIECAAAECBAgQyJvA//8NLW8jX8LxbrbZEnbg9DoLbLppnU+p0wmrrLJKnHLKKTFmzJhYeuml63SugwkQIFBOAh06dIhyXC5g6NChMW/xedy4cfGvf/1rvnzZnb7vvvvuXK9ld/qW66csNvOPg7nmSkCAAAECBAgQIECAQD4EClvg/fa38zFBlTTK73ynkrKRCwECBBpW4Dtl9k1ziy22iEGDBs2VdLbObrbe7oK2rLjbr1+/uV7OlmqY9wFtcx3QREFWVN9ggw2a6OouS4AAAQIECBAgQIAAgcUXqKopbYt/en7P/PjjiI4dI0qfLLU1ksDkyRHZOrw2AgQIEPh6gbPPPjv69Onz9Qc6ol4Edtttt7jhhhvqpS+dECBAgAABAgQIECBAoDEFCnsHb/v2Ed/6VmNSF/ta3/iG4m6x3wGyJ0CgrgI77bRTXU9x/BII8F4CPKcSIECAAAECBAgQINCkAoUt8Gbqu+/epPaFunjpxigbAQIECNRBYNPSwuWr+thDHcSW7NDd/aNgyQCdTYAAAQIECBAgQIBAkwkUusC7xx5N5l64C7Mu3JRLmACBehDYwzfPelD8+i5WX3318IC1r3dyBAECBAgQIECAAAEC5SlQ6AJv9qC1tdYqz4mppFEtt1zE979fSRnJhQABAo0jsN9++zXOhQp+lV/84hcFF5A+AQIECBAgQIAAAQJ5Fih0gTebuP33z/P05WPs++4b0aJFPsZqlAQIECgngZ133jk6depUTkOqyLEccMABFZmXpAgQIECAAAECBAgQKIZA4Qu8v/1tMSa6KbNk3JT6rk2AQJ4FmjdvHoccckieUyj7sW+yySbx7ewjPTYCBAgQIECAAAECBAjkVKDwBd4NN4z43vdyOns5GHbpGUHxne/kYKCGSIAAgTIVOOyww8p0ZJUxrMMPP7wyEpEFAQIECBAgQIAAAQKFFSh8gTeb+SOOKOz8N3jiffs2+CVcgAABAhUtsMEGG8SPf/zjis6xqZJr3769O6SbCt91CRAgQIAAAQIECBCoNwEF3hLl3ntHrL9+vZnq6P8EVlop4qCDcBAgQIDAkgocddRRS9qF8+cj0LVr1+jQocN8XrGLAAECBAgQIECAAAEC+RFQ4C3NVbOSwjHH5GfS8jLSQYMiWrXKy2iNkwABAuUrsMsuu8R2221XvgPM4cjatGkTCuc5nDhDJkCAAAECBAgQIEDgKwIKvP9H8stfRnzjG1/xsWMxBVZZJaJ798U82WkECBAg8BWBk0466Sv77Fh8gV69esXKK6+8+B04kwABAgQIECBAgAABAmUioMD7fxPRvHnE6aeXyaxUwDBOOSWidesKSEQKBAgQKBOBnXfeubSkUGlNIdsSC3Tq1CmGDBmyxP3ogAABAgQIECBAgAABAuUgoMD7pVnYc8+In/70Szs0F0tgxx0jDj54sU51EgECBAgsROCss86KbGkB25IJnHbaadGxY8cl68TZBAgQIECAAAECBAgQKBMBBd55JqL0u3Ppl+d5dgoXWaBFi4gJExb5cAcSIECAQB0E1lxzzTjuuOPqcIZD5xX43ve+F7/M1mWyESBAgAABAgQIECBAoEIEFHjnmci11ooYOnSencJFFjjyyIguXRb5cAcSIECAQB0Fjix9o+3cuXMdz3J4JtCi9FfICf4K6c1AgAABAgQIECBAgECFCSjwzmdCBw6MKN3gY6ujwJZbRgwbVseTHE6AAAECdRJo2bJl/OEPf4jsq61uAqNHj46NN964bic5mgABAgQIECBAgAABAmUuUFVT2sp8jE0yvMmTIzbfPGLKlCa5fO4u2q5dxEMPRay/fu6GbsAECBDIpcDEiROjR48euRx7Uwz6Jz/5Sfztb39riku7JgECBAgQIECAAAECBBpUQIF3Ibx//3vE7rsv5AAvJYE//Sli//1TqEGAAAECjSCw3377xRVXXNEIV8r3JdZYY414+OGHY7nllst3IkZPgAABAgQIECBAgACB+QhYomE+KHN27bZblB5mMyfydUECffoo7i7Ixn4CBAg0pMB5550XG220UUNeIvd9t27durYIrrib+6mUAAECBAgQIECAAAECCxBwB+8CYL68+7DDIs4//8t7tOcI7LtvxOWXRzTzp4I5JL4SIECgUQVee+212GabbWJytraQbS6BZqUfTldffXVkyzPYCBAgQIAAAQIECBAgUKkCynKLMLOTJkX89KeLcGDBDtlll4jLLlPcLdi0S5cAgTITyJYfuOmmm2LZZZcts5E1/XDOPfdcxd2mnwYjIECAAAECBAgQIECggQUUeBcBuHnziGyN2R12WISDC3LIN78Z8Ze/RLRqVZCEpUmAAIEyFujSpUtcd9110aZNmzIeZeMObeTIkfHb3/62cS/qagQIECBAgAABAgQIEGgCAQXeRUQvLeEXN9wQka3LW/QtK3T/4x8RHToUXUL+BAgQKB+BbJmGf/7zn+7kLU3JGWecEYMHDy6fyTESAgQIECBAgAABAgQINKCANXjriPv551G6I+iLpQnqeGpFHJ4tVZHdzZwVvG0ECBAgUH4CTz31VPzoRz+K119/vfwG18AjatGiRVx00UVx0EEHNfCVdE+AAAECBAgQIECAAIHyEXAHbx3nYqmlIi65JOLII+t4YgUcnj1s7sorFXcrYCqlQIBABQt07tw57r333si+Fmlr27ZtXHvttYq7RZp0uRIgQIAAAQIECBAgUCugwLsYb4SqqojTTou49NKIpZdejA5ydkrLlhETJkSUnlUT2XrENgIECBAob4HVV1897rvvvjjwwAPLe6D1NLpNNtkk/v3vf8euu+5aTz3qhgABAgQIECBAgAABAvkRsETDEs7VM89E/OIXEY89toQdlenp668fccUVEVtsUaYDNCwCBAgQWKjAOeecE3369Inp06cv9Li8vpg9SG3cuHEeMJfXCTRuAgQIECBAgAABAgSWWMAdvEtIuOGGUbpLKqJ79yXsqAxP/9WvIh58UHG3DKfGkAgQILDIAr/73e/i/vvvj+wu10raOnbsWPokzaVx/vnnK+5W0sTKhQABAgQIECBAgACBOgso8NaZ7KsntGnzxRIGpSUPK+JO12zZxtKD2OPiiyPat/9qvvYQIECAQL4ENttss3jooYfi1FNPLS0tlP+1hX7961/Hs88+GwcffHC+JsJoCRAgQIAAAQIECBAg0AAClmioZ9RZsyLGj4849tiIjz+u584buLusUH3ccRFHHRWRPUzORoAAAQKVJzB58uTo169fafmd0vo7Ods23XTT0prwE2L77bfP2cgNlwABAgQIECBAgAABAg0n4A7eerbNHkJWWuowXnwxon//KH1stJ4v0ADdZcXcXr0iXnghYvBgxd0GINYlAQIEykZgtdVWiz//+c9x1113xc4771w241rYQNZZZ5248MILa+9CVtxdmJTXCBAgQIAAAQIECBAoooA7eBt41t9++4s7erO7eqdMaeCL1bH7ZZaJ6Nr1i4J06fd9GwECBAgUUOCee+6pXbrh6quvjpqamrIS2KL0hM+jSh8r2X///UufLPHRkrKaHIMhQIAAAQIECBAgQKBsBBR4G2kqpk2LuPLKiPPOi7jttka66AIus802EYcdFqVfmKO0FuMCDrKbAAECBAol8Morr9Q+sCy7U/b1119vstzbtm0b++23Xxx++OGx7bbbNtk4XJgAAQIECBAgQIAAAQJ5EVDgbYKZyn5vzpY+/NvfovQR2YiZMxt2EM1KC3FkRd299orSL80Ra6/dsNfTOwECBAjkVyC7i/fuu++uXaP3+uuvj+eff77Bk1l22WVj1113jX322Sf22GOP0vJGOVjfqMFVXIAAAQIECBAgQIAAAQKLJqDAu2hODXZU9iC222+P0i/TEaVPycYjj0R8+OGSXa5du4jNN/+iqLvddhE77RTRseOS9elsAgQIECimQFbgvb30gyor+t5///3x9NNPx6zsiaJLsK255prxzW9+M7Yr/ZDaYYcdYquttorm2SL2NgIECBAgQIAAAQIECBCos4ACb53JGv6E116LeO65iJdeitLHZCPefTfivfciPvssYsaMKK2RGNGqVUTr1hHLLRexwgoR2Rq6pWfQxPrrR6y1VkRVVcOP0xUIECBAoHgCM0o/iJ555pnSw0RfjJdffjnefPPN0hrzU+KDDz4o/YyaUftfixYtomXLltGu9BfHFUo/pDp16lT62bRW6RMka0fnzp1jmWwReBsBAgQIECBAgAABAgQI1IuAAm+9MOqEAAECBAgQIECAAAECBAgQIECAAAECjS9QWp3VRoAAAQIECBAgQIAAAQIECBAgQIAAAQJ5FFDgzeOsGTMBAgQIECBAgAABAgQIECBAgAABAgRKAgq83gYECBAgQIAAAQIECBAgQIAAAQIECBDIqYACb04nzrAJECBAgAABAgQIECBAgAABAgQIECCgwOs9QIAAAQIECBAgQIAAAQIECBAgQIAAgZwKKPDmdOIMmwABAgQIECBAgAABAgQIECBAgAABAgq83gMECBAgQIAAAQIECBAgQIAAAQIECBDIqYACb04nzrAJECBAgAABAgQIECBAgAABAgQIECCgwOs9QIAAAQIECBAgQIAAAQIECBAgQIAAgZwKKPDmdOIMmwABAgQIECBAgAABAgQIECBAgAABAgq83gMECBAgQIAAAQIECBAgQIAAAQIECBDIqYACb04nzrAJECBAgAABAgQIECBAgAABAgQIECCgwOs9QIAAAQIECBAgQIAAAQIECBAgQIAAgZwKKPDmdOIMmwABAgQIECBAgAABAgQIECBAgAABAgq83gMECBAgQIAAAQIECBAgQIAAAQIECBDIqYACb04nzrAJECBAgAABAgQIECBAgAABAgQIECCgwOs9QIAAAQIECBAgQIAAAQIECBAgQIAAgZwKKPDmdOIMmwABAgQIECBAgAABAgQIECBAgAABAgq83gMECBAgQIAAAQIECBAgQIAAAQIECBDIqYACb04nzrAJECBAgAABAgQIECBAgAABAgQIECCgwOs9QIAAAQIECBAgQIAAAQIECBAgQIAAgZwKKPDmdOIMmwABAgQIECBAgAABAgQIECBAgAABAgq83gMECBAgQIAAAQIECBAgQIAAAQIECBDIqYACb04nzrAJECBAgAABAgQIECBAgAABAgQIECCgwOs9QIAAAQIECBAgQIAAAQIECBAgQIAAgZwKKPDmdOIMmwABAgQIECBAgAABAgQIECBAgAABAgq83gMECBAgQIAAAQIECBAgQIAAAQIECBDIqYACb04nzrAJECBAgAABAgQIECBAgAABAgQIECCgwOs9QIAAAQIECBAgQIAAAQIECBAgQIAAgZwKKPDmdOIMmwABAgQIECBAgAABAgQIECBAgAABAgq83gMECBAgQIAAAQIECBAgQIAAAQIECBDIqYACb04nzrAJECBAgAABAgQIECBAgAABAgQIECCgwOs9QIAAAQIECBAgQIAAAQIECBAgQIAAgZwKKPDmdOIMmwABAgQIECBAgAABAgQIECBAgAABAgq83gMECBAgQIAAAQIECBAgQIAAAQIECBDIqYACb04nzrAJECBAgAABAgQIECBAgAABAgQIECCgwOs9QIAAAQIECBAgQIAAAQIECBAgQIAAgZwKKPDmdOIMmwABAgQIECBAgAABAgQIECBAgAABAgq83gMECBAgQIAAAQIECBAgQIAAAQIECBDIqYACb04nzrAJECBAgAABAgQIECBAgAABAgQIECCgwOs9QIAAAQIECBAgQIAAAQIECBAgQIAAgZwKKPDmdOIMmwABAgQIECBAgAABAgQIECBAgAABAgq83gMECBAgQIAAAQIECBAgQIAAAQIECBDIqYACb04nzrAJECBAgAABAgQIECBAgAABAgQIECDw/wAU+yaD0NAfIAAAAABJRU5ErkJggg==\" />

<!-- rnb-plot-end -->
"
